timestamp,777203_ML_exit,772702_OR,772703_FR,772712_OR,772713_FR,774390_OR,774391_FR,774460_FF,774461_FF,716843_OR,763771_FR,716845_OR,717959_FR,774150_OR,774151_FF,716849_OR,717969_FR,716851_OR,761757_FR,716853_OR,718152_FF,761767_OR,716855_OR,717976_FR,716882_FR,716859_OR,717979_CD,761778_FR,716860_OR,716863_OR,717985_FR,716865_OR,717988_FR,717997_OR,717998_FR,716867_OR,718001_FR,761790_OR,716868_OR,718007_FR,716870_OR,718011_FR,716873_OR,716876_FF,776254_FR,776255_FF,716878_OR,776240_OR,776241_FF,716879_OR,776197_ML_entry
06/02/2026 00:00:00,126,,,,,,,,,,,,,,,,,,,,,,,,,,,,6,8,,13,,5,14,,,,,,10,12,,,,,,,,,170
06/02/2026 00:05:00,135,,,,,,,,,,,,,,,,,,,,,,,,,,,,8,9,,8,,8,13,,,,,,8,5,,,,,,,,,162
06/02/2026 00:10:00,138,,,,,,,,,,,,,,,,,,,,,,,,,,,,10,12,,11,,9,18,,,,,,7,10,,,,,,,,,164
06/02/2026 00:15:00,135,,,,,,,,,,,,,,,,,,,,,,,,,,,,9,8,,10,,4,7,,,,,,7,7,,,,,,,,,158
06/02/2026 00:20:00,126,,,,,,,,,,,,,,,,,,,,,,,,,,,,9,12,,11,,9,7,,,,,,5,4,,,,,,,,,150
06/02/2026 00:25:00,175,,,,,,,,,,,,,,,,,,,,,,,,,,,,4,6,,4,,10,6,,,,,,6,7,,,,,,,,,144
06/02/2026 00:30:00,99,,,,,,,,,,,,,,,,,,,,,,,,,,,,9,5,,5,,8,11,,,,,,7,11,,,,,,,,,137
06/02/2026 00:35:00,126,,,,,,,,,,,,,,,,,,,,,,,,,,,,8,5,,9,,3,12,,,,,,7,4,,,,,,,,,132
06/02/2026 00:40:00,133,,,,,,,,,,,,,,,,,,,,,,,,,,,,10,3,,4,,3,14,,,,,,9,4,,,,,,,,,128
06/02/2026 00:45:00,121,,,,,,,,,,,,,,,,,,,,,,,,,,,,1,11,,6,,10,7,,,,,,7,3,,,,,,,,,125
06/02/2026 00:50:00,135,,,,,,,,,,,,,,,,,,,,,,,,,,,,6,9,,7,,5,8,,,,,,7,3,,,,,,,,,120
06/02/2026 00:55:00,119,,,,,,,,,,,,,,,,,,,,,,,,,,,,8,6,,5,,3,16,,,,,,3,4,,,,,,,,,116
06/02/2026 01:00:00,126,,,,,,,,,,,,,,,,,,,,,,,,,,,,9,12,,7,,3,9,,,,,,5,5,,,,,,,,,109
06/02/2026 01:05:00,119,,,,,,,,,,,,,,,,,,,,,,,,,,,,5,4,,9,,4,9,,,,,,10,7,,,,,,,,,106
06/02/2026 01:10:00,124,,,,,,,,,,,,,,,,,,,,,,,,,,,,13,4,,3,,4,8,,,,,,12,5,,,,,,,,,103
06/02/2026 01:15:00,119,,,,,,,,,,,,,,,,,,,,,,,,,,,,7,5,,4,,4,8,,,,,,7,6,,,,,,,,,103
06/02/2026 01:20:00,135,,,,,,,,,,,,,,,,,,,,,,,,,,,,8,3,,7,,7,8,,,,,,10,0,,,,,,,,,102
06/02/2026 01:25:00,126,,,,,,,,,,,,,,,,,,,,,,,,,,,,5,10,,6,,4,6,,,,,,7,6,,,,,,,,,97
06/02/2026 01:30:00,111,,,,,,,,,,,,,,,,,,,,,,,,,,,,7,8,,4,,3,8,,,,,,9,5,,,,,,,,,93
06/02/2026 01:35:00,124,,,,,,,,,,,,,,,,,,,,,,,,,,,,1,3,,5,,4,7,,,,,,12,2,,,,,,,,,93
06/02/2026 01:40:00,124,,,,,,,,,,,,,,,,,,,,,,,,,,,,5,6,,6,,7,10,,,,,,6,6,,,,,,,,,95
06/02/2026 01:45:00,135,,,,,,,,,,,,,,,,,,,,,,,,,,,,6,5,,6,,4,8,,,,,,10,6,,,,,,,,,93
06/02/2026 01:50:00,126,,,,,,,,,,,,,,,,,,,,,,,,,,,,4,5,,6,,2,5,,,,,,8,5,,,,,,,,,89
06/02/2026 01:55:00,97,,,,,,,,,,,,,,,,,,,,,,,,,,,,1,3,,2,,1,6,,,,,,9,6,,,,,,,,,83
06/02/2026 02:00:00,102,,,,,,,,,,,,,,,,,,,,,,,,,,,,4,7,,2,,4,3,,,,,,8,2,,,,,,,,,82
06/02/2026 02:05:00,90,,,,,,,,,,,,,,,,,,,,,,,,,,,,2,8,,7,,4,2,,,,,,4,7,,,,,,,,,86
06/02/2026 02:10:00,88,,,,,,,,,,,,,,,,,,,,,,,,,,,,4,6,,5,,4,2,,,,,,9,11,,,,,,,,,88
06/02/2026 02:15:00,116,,,,,,,,,,,,,,,,,,,,,,,,,,,,3,3,,4,,8,10,,,,,,6,3,,,,,,,,,86
06/02/2026 02:20:00,119,,,,,,,,,,,,,,,,,,,,,,,,,,,,4,3,,4,,6,7,,,,,,6,6,,,,,,,,,83
06/02/2026 02:25:00,133,,,,,,,,,,,,,,,,,,,,,,,,,,,,1,4,,6,,7,3,,,,,,4,3,,,,,,,,,82
06/02/2026 02:30:00,126,,,,,,,,,,,,,,,,,,,,,,,,,,,,4,7,,4,,8,7,,,,,,14,4,,,,,,,,,82
06/02/2026 02:35:00,126,,,,,,,,,,,,,,,,,,,,,,,,,,,,7,8,,3,,4,7,,,,,,12,9,,,,,,,,,84
06/02/2026 02:40:00,119,,,,,,,,,,,,,,,,,,,,,,,,,,,,4,7,,3,,11,4,,,,,,9,6,,,,,,,,,87
06/02/2026 02:45:00,111,,,,,,,,,,,,,,,,,,,,,,,,,,,,4,8,,7,,16,11,,,,,,10,7,,,,,,,,,83
06/02/2026 02:50:00,111,,,,,,,,,,,,,,,,,,,,,,,,,,,,5,4,,7,,8,8,,,,,,10,8,,,,,,,,,79
06/02/2026 02:55:00,119,,,,,,,,,,,,,,,,,,,,,,,,,,,,6,7,,8,,6,4,,,,,,2,8,,,,,,,,,77
06/02/2026 03:00:00,107,,,,,,,,,,,,,,,,,,,,,,,,,,,,6,6,,6,,4,2,,,,,,3,7,,,,,,,,,75
06/02/2026 03:05:00,107,,,,,,,,,,,,,,,,,,,,,,,,,,,,7,8,,7,,10,9,,,,,,7,3,,,,,,,,,77
06/02/2026 03:10:00,102,,,,,,,,,,,,,,,,,,,,,,,,,,,,4,6,,11,,4,10,,,,,,4,6,,,,,,,,,79
06/02/2026 03:15:00,126,,,,,,,,,,,,,,,,,,,,,,,,,,,,7,10,,6,,8,2,,,,,,9,12,,,,,,,,,83
06/02/2026 03:20:00,116,,,,,,,,,,,,,,,,,,,,,,,,,,,,7,14,,5,,12,4,,,,,,6,5,,,,,,,,,89
06/02/2026 03:25:00,121,,,,,,,,,,,,,,,,,,,,,,,,,,,,6,20,,4,,4,2,,,,,,6,2,,,,,,,,,93
06/02/2026 03:30:00,113,,,,,,,,,,,,,,,,,,,,,,,,,,,,5,13,,16,,20,8,,,,,,8,6,,,,,,,,,99
06/02/2026 03:35:00,116,,,,,,,,,,,,,,,,,,,,,,,,,,,,6,16,,10,,10,8,,,,,,10,2,,,,,,,,,102
06/02/2026 03:40:00,121,,,,,,,,,,,,,,,,,,,,,,,,,,,,7,19,,3,,13,8,,,,,,9,7,,,,,,,,,109
06/02/2026 03:45:00,111,,,,,,,,,,,,,,,,,,,,,,,,,,,,13,11,,11,,22,12,,,,,,7,7,,,,,,,,,112
06/02/2026 03:50:00,124,,,,,,,,,,,,,,,,,,,,,,,,,,,,8,18,,10,,9,13,,,,,,9,9,,,,,,,,,110
06/02/2026 03:55:00,121,,,,,,,,,,,,,,,,,,,,,,,,,,,,9,18,,6,,21,6,,,,,,13,8,,,,,,,,,106
06/02/2026 04:00:00,119,,,,,,,,,,,,,,,,,,,,,,,,,,,,6,14,,4,,11,8,,,,,,6,5,,,,,,,,,105
06/02/2026 04:05:00,126,,,,,,,,,,,,,,,,,,,,,,,,,,,,10,20,,9,,23,2,,,,,,12,7,,,,,,,,,114
06/02/2026 04:10:00,126,,,,,,,,,,,,,,,,,,,,,,,,,,,,8,11,,7,,16,7,,,,,,12,7,,,,,,,,,132
06/02/2026 04:15:00,126,,,,,,,,,,,,,,,,,,,,,,,,,,,,14,26,,21,,20,3,,,,,,6,4,,,,,,,,,141
06/02/2026 04:20:00,130,,,,,,,,,,,,,,,,,,,,,,,,,,,,10,20,,13,,28,5,,,,,,15,8,,,,,,,,,154
06/02/2026 04:25:00,107,,,,,,,,,,,,,,,,,,,,,,,,,,,,6,22,,11,,34,11,,,,,,12,7,,,,,,,,,169
06/02/2026 04:30:00,135,,,,,,,,,,,,,,,,,,,,,,,,,,,,5,21,,16,,28,4,,,,,,10,8,,,,,,,,,181
06/02/2026 04:35:00,133,,,,,,,,,,,,,,,,,,,,,,,,,,,,19,27,,12,,33,8,,,,,,11,9,,,,,,,,,207
06/02/2026 04:40:00,119,,,,,,,,,,,,,,,,,,,,,,,,,,,,18,33,,27,,46,10,,,,,,15,13,,,,,,,,,230
06/02/2026 04:45:00,160,,,,,,,,,,,,,,,,,,,,,,,,,,,,18,32,,19,,44,6,,,,,,12,9,,,,,,,,,232
06/02/2026 04:50:00,138,,,,,,,,,,,,,,,,,,,,,,,,,,,,21,31,,16,,39,21,,,,,,16,13,,,,,,,,,229
06/02/2026 04:55:00,158,,,,,,,,,,,,,,,,,,,,,,,,,,,,14,20,,12,,24,10,,,,,,9,10,,,,,,,,,227
06/02/2026 05:00:00,158,,,,,,,,,,,,,,,,,,,,,,,,,,,,15,26,,20,,25,16,,,,,,10,6,,,,,,,,,238
06/02/2026 05:05:00,158,,,,,,,,,,,,,,,,,,,,,,,,,,,,19,28,,22,,36,11,,,,,,19,6,,,,,,,,,260
06/02/2026 05:10:00,160,,,,,,,,,,,,,,,,,,,,,,,,,,,,24,40,,26,,40,16,,,,,,16,6,,,,,,,,,293
06/02/2026 05:15:00,160,,,,,,,,,,,,,,,,,,,,,,,,,,,,23,40,,22,,32,8,,,,,,14,13,,,,,,,,,323
06/02/2026 05:20:00,135,,,,,,,,,,,,,,,,,,,,,,,,,,,,18,55,,19,,44,9,,,,,,15,13,,,,,,,,,350
06/02/2026 05:25:00,198,,,,,,,,,,,,,,,,,,,,,,,,,,,,23,41,,33,,37,8,,,,,,23,11,,,,,,,,,376
06/02/2026 05:30:00,175,,,,,,,,,,,,,,,,,,,,,,,,,,,,20,40,,26,,40,9,,,,,,21,4,,,,,,,,,399
06/02/2026 05:35:00,183,,,,,,,,,,,,,,,,,,,,,,,,,,,,32,67,,32,,42,18,,,,,,13,16,,,,,,,,,426
06/02/2026 05:40:00,198,,,,,,,,,,,,,,,,,,,,,,,,,,,,26,67,,37,,45,13,,,,,,19,10,,,,,,,,,448
06/02/2026 05:45:00,183,,,,,,,,,,,,,,,,,,,,,,,,,,,,37,53,,37,,45,13,,,,,,22,14,,,,,,,,,461
06/02/2026 05:50:00,211,,,,,,,,,,,,,,,,,,,,,,,,,,,,29,59,,30,,35,14,,,,,,11,23,,,,,,,,,463
06/02/2026 05:55:00,198,,,,,,,,,,,,,,,,,,,,,,,,,,,,30,48,,35,,33,14,,,,,,18,13,,,,,,,,,454
06/02/2026 06:00:00,183,,,,,,,,,,,,,,,,,,,,,,,,,,,,31,44,,28,,42,19,,,,,,25,14,,,,,,,,,445
06/02/2026 06:05:00,189,,,,,,,,,,,,,,,,,,,,,,,,,,,,33,46,,34,,28,16,,,,,,23,7,,,,,,,,,448
06/02/2026 06:10:00,228,,,,,,,,,,,,,,,,,,,,,,,,,,,,30,44,,32,,40,14,,,,,,20,12,,,,,,,,,464
06/02/2026 06:15:00,183,,,,,,,,,,,,,,,,,,,,,,,,,,,,24,41,,34,,36,19,,,,,,11,3,,,,,,,,,478
06/02/2026 06:20:00,222,,,,,,,,,,,,,,,,,,,,,,,,,,,,29,60,,21,,43,13,,,,,,16,7,,,,,,,,,489
06/02/2026 06:25:00,233,,,,,,,,,,,,,,,,,,,,,,,,,,,,29,52,,24,,43,26,,,,,,20,7,,,,,,,,,492
06/02/2026 06:30:00,222,,,,,,,,,,,,,,,,,,,,,,,,,,,,41,58,,35,,40,27,,,,,,27,15,,,,,,,,,498
06/02/2026 06:35:00,254,,,,,,,,,,,,,,,,,,,,,,,,,,,,23,49,,40,,43,24,,,,,,28,18,,,,,,,,,510
06/02/2026 06:40:00,301,,,,,,,,,,,,,,,,,,,,,,,,,,,,29,41,,36,,39,33,,,,,,18,10,,,,,,,,,489
06/02/2026 06:45:00,281,,,,,,,,,,,,,,,,,,,,,,,,,,,,24,62,,39,,36,28,,,,,,21,14,,,,,,,,,482
06/02/2026 06:50:00,385,,,,,,,,,,,,,,,,,,,,,,,,,,,,41,41,,26,,32,26,,,,,,20,18,,,,,,,,,475
06/02/2026 06:55:00,265,,,,,,,,,,,,,,,,,,,,,,,,,,,,26,43,,34,,39,34,,,,,,14,20,,,,,,,,,468
06/02/2026 07:00:00,281,,,,,,,,,,,,,,,,,,,,,,,,,,,,29,49,,43,,37,25,,,,,,36,19,,,,,,,,,471
06/02/2026 07:05:00,332,,,,,,,,,,,,,,,,,,,,,,,,,,,,41,49,,54,,36,14,,,,,,16,23,,,,,,,,,473
06/02/2026 07:10:00,275,,,,,,,,,,,,,,,,,,,,,,,,,,,,24,48,,45,,35,25,,,,,,23,16,,,,,,,,,473
06/02/2026 07:15:00,289,,,,,,,,,,,,,,,,,,,,,,,,,,,,30,34,,44,,43,29,,,,,,27,17,,,,,,,,,475
06/02/2026 07:20:00,356,,,,,,,,,,,,,,,,,,,,,,,,,,,,40,39,,50,,36,29,,,,,,21,18,,,,,,,,,481
06/02/2026 07:25:00,360,,,,,,,,,,,,,,,,,,,,,,,,,,,,50,63,,47,,34,30,,,,,,37,11,,,,,,,,,471
06/02/2026 07:30:00,427,,,,,,,,,,,,,,,,,,,,,,,,,,,,36,39,,55,,31,38,,,,,,30,16,,,,,,,,,468
06/02/2026 07:35:00,341,,,,,,,,,,,,,,,,,,,,,,,,,,,,38,53,,32,,36,31,,,,,,24,29,,,,,,,,,463
06/02/2026 07:40:00,346,,,,,,,,,,,,,,,,,,,,,,,,,,,,43,66,,56,,29,37,,,,,,39,21,,,,,,,,,462
06/02/2026 07:45:00,278,,,,,,,,,,,,,,,,,,,,,,,,,,,,29,52,,39,,31,34,,,,,,18,27,,,,,,,,,464
06/02/2026 07:50:00,287,,,,,,,,,,,,,,,,,,,,,,,,,,,,44,61,,42,,41,28,,,,,,27,37,,,,,,,,,463
06/02/2026 07:55:00,301,,,,,,,,,,,,,,,,,,,,,,,,,,,,53,43,,32,,26,38,,,,,,20,30,,,,,,,,,459
06/02/2026 08:00:00,297,,,,,,,,,,,,,,,,,,,,,,,,,,,,36,36,,47,,37,44,,,,,,40,30,,,,,,,,,449
06/02/2026 08:05:00,274,,,,,,,,,,,,,,,,,,,,,,,,,,,,43,59,,28,,39,29,,,,,,35,31,,,,,,,,,455
06/02/2026 08:10:00,346,,,,,,,,,,,,,,,,,,,,,,,,,,,,44,50,,37,,40,27,,,,,,23,19,,,,,,,,,448
06/02/2026 08:15:00,266,,,,,,,,,,,,,,,,,,,,,,,,,,,,51,48,,33,,40,35,,,,,,24,20,,,,,,,,,448
06/02/2026 08:20:00,274,,,,,,,,,,,,,,,,,,,,,,,,,,,,58,50,,22,,47,35,,,,,,25,25,,,,,,,,,456
06/02/2026 08:25:00,274,,,,,,,,,,,,,,,,,,,,,,,,,,,,43,45,,44,,40,28,,,,,,21,30,,,,,,,,,456
06/02/2026 08:30:00,266,,,,,,,,,,,,,,,,,,,,,,,,,,,,40,53,,39,,40,30,,,,,,16,18,,,,,,,,,442
06/02/2026 08:35:00,289,,,,,,,,,,,,,,,,,,,,,,,,,,,,47,21,,33,,44,19,,,,,,20,20,,,,,,,,,449
06/02/2026 08:40:00,222,,,,,,,,,,,,,,,,,,,,,,,,,,,,33,61,,44,,41,37,,,,,,27,24,,,,,,,,,445
06/02/2026 08:45:00,259,,,,,,,,,,,,,,,,,,,,,,,,,,,,48,44,,28,,39,20,,,,,,20,19,,,,,,,,,448
06/02/2026 08:50:00,208,,,,,,,,,,,,,,,,,,,,,,,,,,,,29,38,,28,,38,1,,,,,,11,25,,,,,,,,,438
06/02/2026 08:55:00,239,,,,,,,,,,,,,,,,,,,,,,,,,,,,30,32,,14,,37,0,,,,,,22,21,,,,,,,,,438
06/02/2026 09:00:00,239,,,,,,,,,,,,,,,,,,,,,,,,,,,,36,39,,34,,33,4,,,,,,19,9,,,,,,,,,443
06/02/2026 09:05:00,233,,,,,,,,,,,,,,,,,,,,,,,,,,,,42,34,,19,,23,0,,,,,,41,21,,,,,,,,,434
06/02/2026 09:10:00,289,,,,,,,,,,,,,,,,,,,,,,,,,,,,33,26,,29,,50,0,,,,,,16,19,,,,,,,,,436
06/02/2026 09:15:00,247,,,,,,,,,,,,,,,,,,,,,,,,,,,,19,34,,38,,26,0,,,,,,25,4,,,,,,,,,440
06/02/2026 09:20:00,254,,,,,,,,,,,,,,,,,,,,,,,,,,,,37,24,,34,,4,0,,,,,,27,19,,,,,,,,,445
06/02/2026 09:25:00,225,,,,,,,,,,,,,,,,,,,,,,,,,,,,28,44,,65,,0,0,,,,,,20,11,,,,,,,,,445
06/02/2026 09:30:00,314,,,,,,,,,,,,,,,,,,,,,,,,,,,,21,36,,46,,0,0,,,,,,26,16,,,,,,,,,443
06/02/2026 09:35:00,219,,,,,,,,,,,,,,,,,,,,,,,,,,,,35,34,,38,,0,0,,,,,,25,19,,,,,,,,,448
06/02/2026 09:40:00,266,,,,,,,,,,,,,,,,,,,,,,,,,,,,38,39,,51,,0,0,,,,,,24,15,,,,,,,,,445
06/02/2026 09:45:00,239,,,,,,,,,,,,,,,,,,,,,,,,,,,,36,23,,86,,0,0,,,,,,14,21,,,,,,,,,449
06/02/2026 09:50:00,219,,,,,,,,,,,,,,,,,,,,,,,,,,,,24,55,,50,,0,1,,,,,,23,14,,,,,,,,,449
06/02/2026 09:55:00,233,,,,,,,,,,,,,,,,,,,,,,,,,,,,35,49,,40,,0,0,,,,,,30,13,,,,,,,,,443
06/02/2026 10:00:00,242,,,,,,,,,,,,,,,,,,,,,,,,,,,,30,30,,60,,0,0,,,,,,14,14,,,,,,,,,436
06/02/2026 10:05:00,231,,,,,,,,,,,,,,,,,,,,,,,,,,,,30,51,,39,,0,0,,,,,,39,13,,,,,,,,,438
06/02/2026 10:10:00,211,,,,,,,,,,,,,,,,,,,,,,,,,,,,26,49,,59,,0,0,,,,,,20,18,,,,,,,,,443
06/02/2026 10:15:00,261,,,,,,,,,,,,,,,,,,,,,,,,,,,,41,60,,60,,0,1,,,,,,27,20,,,,,,,,,442
06/02/2026 10:20:00,261,,,,,,,,,,,,,,,,,,,,,,,,,,,,31,64,,61,,0,0,,,,,,23,9,,,,,,,,,443
06/02/2026 10:25:00,275,,,,,,,,,,,,,,,,,,,,,,,,,,,,40,48,,44,,0,0,,,,,,25,18,,,,,,,,,448
06/02/2026 10:30:00,261,,,,,,,,,,,,,,,,,,,,,,,,,,,,36,61,,69,,0,0,,,,,,21,16,,,,,,,,,445
06/02/2026 10:35:00,239,,,,,,,,,,,,,,,,,,,,,,,,,,,,41,41,,58,,0,0,,,,,,30,10,,,,,,,,,445
06/02/2026 10:40:00,198,,,,,,,,,,,,,,,,,,,,,,,,,,,,21,31,,39,,0,0,,,,,,23,20,,,,,,,,,456
06/02/2026 10:45:00,222,,,,,,,,,,,,,,,,,,,,,,,,,,,,46,64,,58,,0,0,,,,,,20,28,,,,,,,,,449
06/02/2026 10:50:00,254,,,,,,,,,,,,,,,,,,,,,,,,,,,,49,40,,53,,0,0,,,,,,10,11,,,,,,,,,445
06/02/2026 10:55:00,206,,,,,,,,,,,,,,,,,,,,,,,,,,,,36,43,,61,,0,4,,,,,,24,16,,,,,,,,,448
06/02/2026 11:00:00,206,,,,,,,,,,,,,,,,,,,,,,,,,,,,40,40,,41,,0,1,,,,,,18,21,,,,,,,,,445
06/02/2026 11:05:00,239,,,,,,,,,,,,,,,,,,,,,,,,,,,,33,34,,56,,0,0,,,,,,37,7,,,,,,,,,456
06/02/2026 11:10:00,259,,,,,,,,,,,,,,,,,,,,,,,,,,,,36,24,,67,,0,0,,,,,,36,6,,,,,,,,,466
06/02/2026 11:15:00,251,,,,,,,,,,,,,,,,,,,,,,,,,,,,36,33,,47,,0,0,,,,,,30,13,,,,,,,,,448
06/02/2026 11:20:00,237,,,,,,,,,,,,,,,,,,,,,,,,,,,,36,45,,36,,0,0,,,,,,14,8,,,,,,,,,466
06/02/2026 11:25:00,242,,,,,,,,,,,,,,,,,,,,,,,,,,,,31,40,,56,,0,0,,,,,,41,11,,,,,,,,,487
06/02/2026 11:30:00,239,,,,,,,,,,,,,,,,,,,,,,,,,,,,23,38,,61,,0,1,,,,,,38,10,,,,,,,,,464
06/02/2026 11:35:00,219,,,,,,,,,,,,,,,,,,,,,,,,,,,,33,53,,52,,0,0,,,,,,37,27,,,,,,,,,472
06/02/2026 11:40:00,242,,,,,,,,,,,,,,,,,,,,,,,,,,,,39,41,,57,,0,0,,,,,,31,7,,,,,,,,,466
06/02/2026 11:45:00,244,,,,,,,,,,,,,,,,,,,,,,,,,,,,30,53,,55,,1,0,,,,,,40,30,,,,,,,,,464
06/02/2026 11:50:00,259,,,,,,,,,,,,,,,,,,,,,,,,,,,,24,50,,73,,1,0,,,,,,37,6,,,,,,,,,461
06/02/2026 11:55:00,239,,,,,,,,,,,,,,,,,,,,,,,,,,,,43,69,,43,,0,0,,,,,,45,14,,,,,,,,,468
06/02/2026 12:00:00,261,,,,,,,,,,,,,,,,,,,,,,,,,,,,28,54,,69,,0,0,,,,,,36,14,,,,,,,,,466
06/02/2026 12:05:00,228,,,,,,,,,,,,,,,,,,,,,,,,,,,,36,43,,76,,0,0,,,,,,21,13,,,,,,,,,479
06/02/2026 12:10:00,247,,,,,,,,,,,,,,,,,,,,,,,,,,,,44,40,,58,,0,0,,,,,,39,14,,,,,,,,,471
06/02/2026 12:15:00,214,,,,,,,,,,,,,,,,,,,,,,,,,,,,39,67,,61,,0,0,,,,,,40,9,,,,,,,,,473
06/02/2026 12:20:00,251,,,,,,,,,,,,,,,,,,,,,,,,,,,,25,63,,80,,0,0,,,,,,55,8,,,,,,,,,475
06/02/2026 12:25:00,281,,,,,,,,,,,,,,,,,,,,,,,,,,,,40,60,,72,,0,0,,,,,,41,18,,,,,,,,,475
06/02/2026 12:30:00,254,,,,,,,,,,,,,,,,,,,,,,,,,,,,43,50,,45,,0,0,,,,,,26,14,,,,,,,,,494
06/02/2026 12:35:00,239,,,,,,,,,,,,,,,,,,,,,,,,,,,,56,59,,48,,0,0,,,,,,25,14,,,,,,,,,484
06/02/2026 12:40:00,274,,,,,,,,,,,,,,,,,,,,,,,,,,,,36,60,,75,,0,0,,,,,,34,16,,,,,,,,,484
06/02/2026 12:45:00,244,,,,,,,,,,,,,,,,,,,,,,,,,,,,38,52,,49,,0,0,,,,,,50,18,,,,,,,,,485
06/02/2026 12:50:00,265,,,,,,,,,,,,,,,,,,,,,,,,,,,,30,45,,71,,0,0,,,,,,44,19,,,,,,,,,475
06/02/2026 12:55:00,261,,,,,,,,,,,,,,,,,,,,,,,,,,,,47,39,,79,,0,0,,,,,,19,26,,,,,,,,,479
06/02/2026 13:00:00,254,,,,,,,,,,,,,,,,,,,,,,,,,,,,40,73,,64,,0,0,,,,,,25,14,,,,,,,,,496
06/02/2026 13:05:00,198,,,,,,,,,,,,,,,,,,,,,,,,,,,,49,50,,78,,0,0,,,,,,44,13,,,,,,,,,497
06/02/2026 13:10:00,228,,,,,,,,,,,,,,,,,,,,,,,,,,,,49,50,,80,,0,0,,,,,,18,13,,,,,,,,,499
06/02/2026 13:15:00,244,,,,,,,,,,,,,,,,,,,,,,,,,,,,48,3,,52,,0,0,,,,,,23,10,,,,,,,,,501
06/02/2026 13:20:00,247,,,,,,,,,,,,,,,,,,,,,,,,,,,,44,71,,50,,0,4,,,,,,29,23,,,,,,,,,515
06/02/2026 13:25:00,254,,,,,,,,,,,,,,,,,,,,,,,,,,,,46,48,,66,,0,2,,,,,,32,13,,,,,,,,,502
06/02/2026 13:30:00,222,,,,,,,,,,,,,,,,,,,,,,,,,,,,34,56,,64,,0,1,,,,,,40,16,,,,,,,,,494
06/02/2026 13:35:00,219,,,,,,,,,,,,,,,,,,,,,,,,,,,,49,53,,69,,0,2,,,,,,26,22,,,,,,,,,501
06/02/2026 13:40:00,256,,,,,,,,,,,,,,,,,,,,,,,,,,,,49,42,,74,,0,0,,,,,,46,12,,,,,,,,,482
06/02/2026 13:45:00,219,,,,,,,,,,,,,,,,,,,,,,,,,,,,42,48,,52,,0,0,,,,,,54,20,,,,,,,,,497
06/02/2026 13:50:00,214,,,,,,,,,,,,,,,,,,,,,,,,,,,,51,34,,70,,0,0,,,,,,55,16,,,,,,,,,487
06/02/2026 13:55:00,206,,,,,,,,,,,,,,,,,,,,,,,,,,,,48,59,,67,,1,0,,,,,,37,24,,,,,,,,,485
06/02/2026 14:00:00,239,,,,,,,,,,,,,,,,,,,,,,,,,,,,38,50,,77,,0,1,,,,,,46,16,,,,,,,,,487
06/02/2026 14:05:00,219,,,,,,,,,,,,,,,,,,,,,,,,,,,,48,63,,45,,0,0,,,,,,35,24,,,,,,,,,491
06/02/2026 14:10:00,206,,,,,,,,,,,,,,,,,,,,,,,,,,,,43,54,,66,,0,0,,,,,,50,6,,,,,,,,,487
06/02/2026 14:15:00,208,,,,,,,,,,,,,,,,,,,,,,,,,,,,38,49,,51,,0,0,,,,,,37,21,,,,,,,,,482
06/02/2026 14:20:00,194,,,,,,,,,,,,,,,,,,,,,,,,,,,,51,51,,69,,0,0,,,,,,39,11,,,,,,,,,482
06/02/2026 14:25:00,231,,,,,,,,,,,,,,,,,,,,,,,,,,,,53,67,,39,,0,1,,,,,,43,16,,,,,,,,,481
06/02/2026 14:30:00,211,,,,,,,,,,,,,,,,,,,,,,,,,,,,34,61,,54,,0,9,,,,,,43,6,,,,,,,,,478
06/02/2026 14:35:00,259,,,,,,,,,,,,,,,,,,,,,,,,,,,,39,59,,40,,0,26,,,,,,42,23,,,,,,,,,484
06/02/2026 14:40:00,231,,,,,,,,,,,,,,,,,,,,,,,,,,,,50,60,,73,,0,33,,,,,,57,19,,,,,,,,,492
06/02/2026 14:45:00,239,,,,,,,,,,,,,,,,,,,,,,,,,,,,57,56,,69,,0,39,,,,,,57,17,,,,,,,,,494
06/02/2026 14:50:00,244,,,,,,,,,,,,,,,,,,,,,,,,,,,,35,53,,67,,26,25,,,,,,50,14,,,,,,,,,486
06/02/2026 14:55:00,202,,,,,,,,,,,,,,,,,,,,,,,,,,,,39,49,,50,,22,39,,,,,,57,14,,,,,,,,,480
06/02/2026 15:00:00,189,,,,,,,,,,,,,,,,,,,,,,,,,,,,42,48,,52,,22,67,,,,,,48,17,,,,,,,,,475
06/02/2026 15:05:00,202,,,,,,,,,,,,,,,,,,,,,,,,,,,,46,53,,43,,30,32,,,,,,67,11,,,,,,,,,478
06/02/2026 15:10:00,189,,,,,,,,,,,,,,,,,,,,,,,,,,,,30,40,,52,,26,43,,,,,,53,20,,,,,,,,,482
06/02/2026 15:15:00,149,,,,,,,,,,,,,,,,,,,,,,,,,,,,41,49,,30,,39,34,,,,,,79,16,,,,,,,,,486
06/02/2026 15:20:00,152,,,,,,,,,,,,,,,,,,,,,,,,,,,,46,43,,38,,29,27,,,,,,66,20,,,,,,,,,484
06/02/2026 15:25:00,140,,,,,,,,,,,,,,,,,,,,,,,,,,,,47,34,,38,,30,41,,,,,,57,13,,,,,,,,,480
06/02/2026 15:30:00,119,,,,,,,,,,,,,,,,,,,,,,,,,,,,31,59,,33,,31,29,,,,,,65,4,,,,,,,,,475
06/02/2026 15:35:00,90,,,,,,,,,,,,,,,,,,,,,,,,,,,,46,61,,39,,27,32,,,,,,41,21,,,,,,,,,480
06/02/2026 15:40:00,82,,,,,,,,,,,,,,,,,,,,,,,,,,,,64,38,,43,,34,34,,,,,,64,5,,,,,,,,,480
06/02/2026 15:45:00,82,,,,,,,,,,,,,,,,,,,,,,,,,,,,27,75,,46,,29,43,,,,,,51,18,,,,,,,,,475
06/02/2026 15:50:00,82,,,,,,,,,,,,,,,,,,,,,,,,,,,,36,49,,38,,41,42,,,,,,43,10,,,,,,,,,478
06/02/2026 15:55:00,82,,,,,,,,,,,,,,,,,,,,,,,,,,,,49,32,,36,,28,36,,,,,,50,13,,,,,,,,,473
06/02/2026 16:00:00,82,,,,,,,,,,,,,,,,,,,,,,,,,,,,33,38,,41,,30,34,,,,,,60,5,,,,,,,,,464
06/02/2026 16:05:00,82,,,,,,,,,,,,,,,,,,,,,,,,,,,,40,50,,44,,28,38,,,,,,74,3,,,,,,,,,468
06/02/2026 16:10:00,82,,,,,,,,,,,,,,,,,,,,,,,,,,,,31,30,,34,,38,41,,,,,,73,1,,,,,,,,,462
06/02/2026 16:15:00,82,,,,,,,,,,,,,,,,,,,,,,,,,,,,39,69,,33,,34,50,,,,,,69,5,,,,,,,,,459
06/02/2026 16:20:00,82,,,,,,,,,,,,,,,,,,,,,,,,,,,,41,50,,30,,29,46,,,,,,71,6,,,,,,,,,459
06/02/2026 16:25:00,82,,,,,,,,,,,,,,,,,,,,,,,,,,,,43,43,,50,,30,38,,,,,,80,11,,,,,,,,,448
06/02/2026 16:30:00,82,,,,,,,,,,,,,,,,,,,,,,,,,,,,51,34,,61,,23,43,,,,,,70,3,,,,,,,,,448
06/02/2026 16:35:00,82,,,,,,,,,,,,,,,,,,,,,,,,,,,,54,38,,41,,30,34,,,,,,70,7,,,,,,,,,448
06/02/2026 16:40:00,82,,,,,,,,,,,,,,,,,,,,,,,,,,,,41,28,,45,,31,40,,,,,,78,9,,,,,,,,,456
06/02/2026 16:45:00,82,,,,,,,,,,,,,,,,,,,,,,,,,,,,34,49,,48,,36,39,,,,,,80,7,,,,,,,,,468
06/02/2026 16:50:00,82,,,,,,,,,,,,,,,,,,,,,,,,,,,,33,26,,59,,29,39,,,,,,79,6,,,,,,,,,438
06/02/2026 16:55:00,82,,,,,,,,,,,,,,,,,,,,,,,,,,,,33,28,,44,,38,38,,,,,,83,9,,,,,,,,,441
06/02/2026 17:00:00,82,,,,,,,,,,,,,,,,,,,,,,,,,,,,41,19,,39,,30,41,,,,,,67,8,,,,,,,,,438
06/02/2026 17:05:00,82,,,,,,,,,,,,,,,,,,,,,,,,,,,,29,33,,44,,37,36,,,,,,61,4,,,,,,,,,441
06/02/2026 17:10:00,82,,,,,,,,,,,,,,,,,,,,,,,,,,,,36,27,,55,,38,42,,,,,,90,8,,,,,,,,,469
06/02/2026 17:15:00,82,,,,,,,,,,,,,,,,,,,,,,,,,,,,35,42,,40,,30,41,,,,,,78,10,,,,,,,,,466
06/02/2026 17:20:00,82,,,,,,,,,,,,,,,,,,,,,,,,,,,,33,29,,46,,32,48,,,,,,70,4,,,,,,,,,445
06/02/2026 17:25:00,82,,,,,,,,,,,,,,,,,,,,,,,,,,,,50,44,,46,,33,33,,,,,,69,9,,,,,,,,,464
06/02/2026 17:30:00,82,,,,,,,,,,,,,,,,,,,,,,,,,,,,37,24,,56,,26,37,,,,,,69,11,,,,,,,,,454
06/02/2026 17:35:00,82,,,,,,,,,,,,,,,,,,,,,,,,,,,,41,35,,32,,22,41,,,,,,77,8,,,,,,,,,445
06/02/2026 17:40:00,82,,,,,,,,,,,,,,,,,,,,,,,,,,,,30,47,,56,,31,40,,,,,,53,4,,,,,,,,,459
06/02/2026 17:45:00,82,,,,,,,,,,,,,,,,,,,,,,,,,,,,45,25,,26,,29,38,,,,,,64,6,,,,,,,,,454
06/02/2026 17:50:00,82,,,,,,,,,,,,,,,,,,,,,,,,,,,,23,27,,51,,19,40,,,,,,67,2,,,,,,,,,445
06/02/2026 17:55:00,82,,,,,,,,,,,,,,,,,,,,,,,,,,,,38,23,,37,,37,36,,,,,,59,4,,,,,,,,,433
06/02/2026 18:00:00,82,,,,,,,,,,,,,,,,,,,,,,,,,,,,31,37,,60,,33,39,,,,,,81,3,,,,,,,,,436
06/02/2026 18:05:00,82,,,,,,,,,,,,,,,,,,,,,,,,,,,,37,23,,38,,30,42,,,,,,74,6,,,,,,,,,438
06/02/2026 18:10:00,82,,,,,,,,,,,,,,,,,,,,,,,,,,,,40,29,,66,,35,39,,,,,,59,9,,,,,,,,,442
06/02/2026 18:15:00,82,,,,,,,,,,,,,,,,,,,,,,,,,,,,54,39,,38,,40,36,,,,,,58,4,,,,,,,,,445
06/02/2026 18:20:00,82,,,,,,,,,,,,,,,,,,,,,,,,,,,,36,39,,55,,26,47,,,,,,48,5,,,,,,,,,452
06/02/2026 18:25:00,82,,,,,,,,,,,,,,,,,,,,,,,,,,,,29,38,,37,,37,48,,,,,,37,6,,,,,,,,,452
06/02/2026 18:30:00,82,,,,,,,,,,,,,,,,,,,,,,,,,,,,38,47,,40,,36,41,,,,,,18,17,,,,,,,,,469
06/02/2026 18:35:00,82,,,,,,,,,,,,,,,,,,,,,,,,,,,,36,38,,43,,38,47,,,,,,34,14,,,,,,,,,464
06/02/2026 18:40:00,82,,,,,,,,,,,,,,,,,,,,,,,,,,,,29,29,,46,,34,46,,,,,,35,13,,,,,,,,,471
06/02/2026 18:45:00,82,,,,,,,,,,,,,,,,,,,,,,,,,,,,33,33,,36,,43,46,,,,,,17,7,,,,,,,,,468
06/02/2026 18:50:00,82,,,,,,,,,,,,,,,,,,,,,,,,,,,,32,46,,40,,39,57,,,,,,25,21,,,,,,,,,471
06/02/2026 18:55:00,88,,,,,,,,,,,,,,,,,,,,,,,,,,,,32,52,,30,,30,57,,,,,,21,16,,,,,,,,,475
06/02/2026 19:00:00,113,,,,,,,,,,,,,,,,,,,,,,,,,,,,43,51,,34,,36,56,,,,,,21,16,,,,,,,,,484
06/02/2026 19:05:00,189,,,,,,,,,,,,,,,,,,,,,,,,,,,,33,35,,37,,37,57,,,,,,19,7,,,,,,,,,487
06/02/2026 19:10:00,200,,,,,,,,,,,,,,,,,,,,,,,,,,,,36,36,,31,,35,56,,,,,,21,14,,,,,,,,,491
06/02/2026 19:15:00,194,,,,,,,,,,,,,,,,,,,,,,,,,,,,35,42,,36,,33,52,,,,,,23,7,,,,,,,,,487
06/02/2026 19:20:00,200,,,,,,,,,,,,,,,,,,,,,,,,,,,,22,40,,34,,30,41,,,,,,17,14,,,,,,,,,481
06/02/2026 19:25:00,198,,,,,,,,,,,,,,,,,,,,,,,,,,,,40,47,,41,,22,41,,,,,,21,7,,,,,,,,,485
06/02/2026 19:30:00,208,,,,,,,,,,,,,,,,,,,,,,,,,,,,39,39,,41,,26,47,,,,,,24,11,,,,,,,,,471
06/02/2026 19:35:00,179,,,,,,,,,,,,,,,,,,,,,,,,,,,,35,46,,61,,30,37,,,,,,23,11,,,,,,,,,464
06/02/2026 19:40:00,179,,,,,,,,,,,,,,,,,,,,,,,,,,,,42,43,,29,,33,40,,,,,,20,5,,,,,,,,,462
06/02/2026 19:45:00,185,,,,,,,,,,,,,,,,,,,,,,,,,,,,42,44,,33,,30,31,,,,,,15,11,,,,,,,,,452
06/02/2026 19:50:00,183,,,,,,,,,,,,,,,,,,,,,,,,,,,,31,55,,48,,36,56,,,,,,16,10,,,,,,,,,445
06/02/2026 19:55:00,202,,,,,,,,,,,,,,,,,,,,,,,,,,,,40,39,,35,,28,40,,,,,,24,11,,,,,,,,,438
06/02/2026 20:00:00,160,,,,,,,,,,,,,,,,,,,,,,,,,,,,28,41,,45,,38,37,,,,,,11,15,,,,,,,,,429
06/02/2026 20:05:00,192,,,,,,,,,,,,,,,,,,,,,,,,,,,,40,36,,38,,56,52,,,,,,25,8,,,,,,,,,422
06/02/2026 20:10:00,189,,,,,,,,,,,,,,,,,,,,,,,,,,,,34,48,,26,,32,37,,,,,,16,10,,,,,,,,,426
06/02/2026 20:15:00,171,,,,,,,,,,,,,,,,,,,,,,,,,,,,36,41,,32,,41,34,,,,,,27,13,,,,,,,,,426
06/02/2026 20:20:00,189,,,,,,,,,,,,,,,,,,,,,,,,,,,,41,36,,29,,40,33,,,,,,15,5,,,,,,,,,426
06/02/2026 20:25:00,179,,,,,,,,,,,,,,,,,,,,,,,,,,,,35,32,,52,,34,21,,,,,,21,8,,,,,,,,,416
06/02/2026 20:30:00,179,,,,,,,,,,,,,,,,,,,,,,,,,,,,28,35,,37,,30,25,,,,,,25,11,,,,,,,,,417
06/02/2026 20:35:00,208,,,,,,,,,,,,,,,,,,,,,,,,,,,,44,34,,31,,19,42,,,,,,19,6,,,,,,,,,416
06/02/2026 20:40:00,228,,,,,,,,,,,,,,,,,,,,,,,,,,,,37,45,,60,,28,33,,,,,,24,13,,,,,,,,,418
06/02/2026 20:45:00,206,,,,,,,,,,,,,,,,,,,,,,,,,,,,31,34,,37,,21,33,,,,,,30,12,,,,,,,,,413
06/02/2026 20:50:00,179,,,,,,,,,,,,,,,,,,,,,,,,,,,,31,32,,35,,27,35,,,,,,16,9,,,,,,,,,406
06/02/2026 20:55:00,211,,,,,,,,,,,,,,,,,,,,,,,,,,,,34,26,,32,,34,39,,,,,,10,14,,,,,,,,,403
06/02/2026 21:00:00,198,,,,,,,,,,,,,,,,,,,,,,,,,,,,21,22,,34,,32,43,,,,,,22,8,,,,,,,,,402
06/02/2026 21:05:00,179,,,,,,,,,,,,,,,,,,,,,,,,,,,,30,31,,36,,32,42,,,,,,25,10,,,,,,,,,399
06/02/2026 21:10:00,189,,,,,,,,,,,,,,,,,,,,,,,,,,,,34,28,,42,,24,35,,,,,,15,7,,,,,,,,,400
06/02/2026 21:15:00,198,,,,,,,,,,,,,,,,,,,,,,,,,,,,23,34,,28,,34,31,,,,,,27,9,,,,,,,,,399
06/02/2026 21:20:00,183,,,,,,,,,,,,,,,,,,,,,,,,,,,,26,39,,34,,37,41,,,,,,23,16,,,,,,,,,406
06/02/2026 21:25:00,189,,,,,,,,,,,,,,,,,,,,,,,,,,,,29,31,,29,,34,33,,,,,,10,7,,,,,,,,,408
06/02/2026 21:30:00,185,,,,,,,,,,,,,,,,,,,,,,,,,,,,28,36,,40,,25,36,,,,,,12,10,,,,,,,,,402
06/02/2026 21:35:00,171,,,,,,,,,,,,,,,,,,,,,,,,,,,,29,37,,28,,27,29,,,,,,22,13,,,,,,,,,395
06/02/2026 21:40:00,179,,,,,,,,,,,,,,,,,,,,,,,,,,,,27,24,,34,,37,33,,,,,,15,13,,,,,,,,,383
06/02/2026 21:45:00,149,,,,,,,,,,,,,,,,,,,,,,,,,,,,24,20,,24,,29,40,,,,,,27,14,,,,,,,,,382
06/02/2026 21:50:00,175,,,,,,,,,,,,,,,,,,,,,,,,,,,,25,27,,23,,33,39,,,,,,14,10,,,,,,,,,378
06/02/2026 21:55:00,189,,,,,,,,,,,,,,,,,,,,,,,,,,,,22,25,,39,,25,31,,,,,,16,7,,,,,,,,,373
06/02/2026 22:00:00,183,,,,,,,,,,,,,,,,,,,,,,,,,,,,19,20,,21,,22,31,,,,,,13,8,,,,,,,,,360
06/02/2026 22:05:00,206,,,,,,,,,,,,,,,,,,,,,,,,,,,,32,24,,36,,21,20,,,,,,12,17,,,,,,,,,355
06/02/2026 22:10:00,179,,,,,,,,,,,,,,,,,,,,,,,,,,,,39,18,,25,,18,31,,,,,,14,14,,,,,,,,,366
06/02/2026 22:15:00,169,,,,,,,,,,,,,,,,,,,,,,,,,,,,26,16,,30,,22,24,,,,,,13,8,,,,,,,,,364
06/02/2026 22:20:00,156,,,,,,,,,,,,,,,,,,,,,,,,,,,,16,24,,38,,16,22,,,,,,12,7,,,,,,,,,358
06/02/2026 22:25:00,179,,,,,,,,,,,,,,,,,,,,,,,,,,,,31,26,,33,,25,21,,,,,,11,8,,,,,,,,,352
06/02/2026 22:30:00,158,,,,,,,,,,,,,,,,,,,,,,,,,,,,17,24,,22,,23,24,,,,,,11,6,,,,,,,,,340
06/02/2026 22:35:00,166,,,,,,,,,,,,,,,,,,,,,,,,,,,,14,26,,28,,16,31,,,,,,14,11,,,,,,,,,335
06/02/2026 22:40:00,160,,,,,,,,,,,,,,,,,,,,,,,,,,,,15,24,,29,,20,27,,,,,,19,6,,,,,,,,,330
06/02/2026 22:45:00,169,,,,,,,,,,,,,,,,,,,,,,,,,,,,20,17,,27,,13,29,,,,,,14,10,,,,,,,,,324
06/02/2026 22:50:00,140,,,,,,,,,,,,,,,,,,,,,,,,,,,,17,13,,16,,17,20,,,,,,17,5,,,,,,,,,310
06/02/2026 22:55:00,149,,,,,,,,,,,,,,,,,,,,,,,,,,,,13,26,,16,,17,17,,,,,,7,9,,,,,,,,,290
06/02/2026 23:00:00,130,,,,,,,,,,,,,,,,,,,,,,,,,,,,15,12,,23,,11,22,,,,,,14,10,,,,,,,,,269
06/02/2026 23:05:00,140,,,,,,,,,,,,,,,,,,,,,,,,,,,,11,9,,12,,12,24,,,,,,10,8,,,,,,,,,263
06/02/2026 23:10:00,140,,,,,,,,,,,,,,,,,,,,,,,,,,,,14,14,,21,,25,24,,,,,,12,7,,,,,,,,,255
06/02/2026 23:15:00,144,,,,,,,,,,,,,,,,,,,,,,,,,,,,12,13,,20,,13,22,,,,,,7,10,,,,,,,,,251
06/02/2026 23:20:00,146,,,,,,,,,,,,,,,,,,,,,,,,,,,,15,17,,13,,12,20,,,,,,11,13,,,,,,,,,246
06/02/2026 23:25:00,124,,,,,,,,,,,,,,,,,,,,,,,,,,,,14,14,,14,,13,25,,,,,,11,8,,,,,,,,,230
06/02/2026 23:30:00,138,,,,,,,,,,,,,,,,,,,,,,,,,,,,10,9,,17,,12,19,,,,,,8,7,,,,,,,,,225
06/02/2026 23:35:00,156,,,,,,,,,,,,,,,,,,,,,,,,,,,,20,11,,11,,11,16,,,,,,12,10,,,,,,,,,220
06/02/2026 23:40:00,152,,,,,,,,,,,,,,,,,,,,,,,,,,,,14,12,,15,,10,13,,,,,,6,7,,,,,,,,,214
06/02/2026 23:45:00,130,,,,,,,,,,,,,,,,,,,,,,,,,,,,11,9,,11,,8,17,,,,,,3,7,,,,,,,,,208
06/02/2026 23:50:00,119,,,,,,,,,,,,,,,,,,,,,,,,,,,,9,8,,10,,8,19,,,,,,10,10,,,,,,,,,199
06/02/2026 23:55:00,135,,,,,,,,,,,,,,,,,,,,,,,,,,,,4,14,,14,,13,17,,,,,,11,6,,,,,,,,,184
