timestamp,777204_ML_entry,777215_FR,777244_FR,772690_OR,772691_FR,772981_FR,772982_OR,774412_OR,774413_FR,774458_CD,774459_FF,737211_OR,774193_FF,718318_OR,718319_FR,716844_OR,717961_FR,716846_OR,717965_FR,716850_OR,761735_FR,716852_OR,717974_FR,716854_OR,716856_FF,718043_OR,716858_OR,718477_FR,716861_OR,717982_FR,716862_OR,717991_FR,716864_OR,717994_FR,716866_OR,717999_FR,718004_OR,718005_FR,718494_FR,716869_OR,716871_OR,718009_FR,717802_OR,718013_FR,765597_FF,776229_FR,718015_FR,763935_OR,776256_FF,768446_FR,776243_OR,776187_FR,776188_ML_exit
06/03/2026 00:00:00,110,,,,,,,,,,,,,,,,,,,,,,,,,,14,10,2,30,15,16,,,,,13,16,,,,8,,,,,,,,,,,119
06/03/2026 00:05:00,106,,,,,,,,,,,,,,,,,,,,,,,,,,10,8,1,21,9,20,,,,,8,14,,,,6,,,,,,,,,,,114
06/03/2026 00:10:00,101,,,,,,,,,,,,,,,,,,,,,,,,,,11,20,4,23,5,15,,,,,15,19,,,,2,,,,,,,,,,,112
06/03/2026 00:15:00,101,,,,,,,,,,,,,,,,,,,,,,,,,,12,12,4,34,7,12,,,,,16,17,,,,3,,,,,,,,,,,110
06/03/2026 00:20:00,97,,,,,,,,,,,,,,,,,,,,,,,,,,9,11,6,36,5,19,,,,,28,15,,,,8,,,,,,,,,,,104
06/03/2026 00:25:00,93,,,,,,,,,,,,,,,,,,,,,,,,,,8,9,2,17,4,25,,,,,15,17,,,,4,,,,,,,,,,,101
06/03/2026 00:30:00,85,,,,,,,,,,,,,,,,,,,,,,,,,,17,7,4,21,6,14,,,,,14,18,,,,5,,,,,,,,,,,99
06/03/2026 00:35:00,106,,,,,,,,,,,,,,,,,,,,,,,,,,9,8,3,22,10,17,,,,,13,8,,,,6,,,,,,,,,,,95
06/03/2026 00:40:00,116,,,,,,,,,,,,,,,,,,,,,,,,,,10,5,3,27,7,12,,,,,11,20,,,,4,,,,,,,,,,,93
06/03/2026 00:45:00,102,,,,,,,,,,,,,,,,,,,,,,,,,,11,11,2,23,3,14,,,,,10,20,,,,2,,,,,,,,,,,91
06/03/2026 00:50:00,102,,,,,,,,,,,,,,,,,,,,,,,,,,4,7,5,14,11,12,,,,,11,24,,,,3,,,,,,,,,,,86
06/03/2026 00:55:00,93,,,,,,,,,,,,,,,,,,,,,,,,,,7,8,3,23,11,8,,,,,10,10,,,,3,,,,,,,,,,,80
06/03/2026 01:00:00,81,,,,,,,,,,,,,,,,,,,,,,,,,,7,5,1,20,4,11,,,,,12,13,,,,5,,,,,,,,,,,76
06/03/2026 01:05:00,90,,,,,,,,,,,,,,,,,,,,,,,,,,8,2,2,15,4,4,,,,,13,15,,,,0,,,,,,,,,,,76
06/03/2026 01:10:00,80,,,,,,,,,,,,,,,,,,,,,,,,,,10,10,11,20,6,7,,,,,15,9,,,,5,,,,,,,,,,,74
06/03/2026 01:15:00,89,,,,,,,,,,,,,,,,,,,,,,,,,,10,3,4,19,3,11,,,,,16,17,,,,1,,,,,,,,,,,72
06/03/2026 01:20:00,94,,,,,,,,,,,,,,,,,,,,,,,,,,9,3,7,21,7,12,,,,,8,10,,,,6,,,,,,,,,,,70
06/03/2026 01:25:00,78,,,,,,,,,,,,,,,,,,,,,,,,,,6,5,2,17,6,11,,,,,9,9,,,,0,,,,,,,,,,,69
06/03/2026 01:30:00,80,,,,,,,,,,,,,,,,,,,,,,,,,,11,5,2,19,12,7,,,,,18,13,,,,1,,,,,,,,,,,68
06/03/2026 01:35:00,83,,,,,,,,,,,,,,,,,,,,,,,,,,9,5,3,13,3,10,,,,,10,14,,,,6,,,,,,,,,,,67
06/03/2026 01:40:00,81,,,,,,,,,,,,,,,,,,,,,,,,,,7,6,3,15,8,14,,,,,9,14,,,,1,,,,,,,,,,,66
06/03/2026 01:45:00,101,,,,,,,,,,,,,,,,,,,,,,,,,,7,5,0,20,13,2,,,,,13,8,,,,2,,,,,,,,,,,65
06/03/2026 01:50:00,78,,,,,,,,,,,,,,,,,,,,,,,,,,9,4,0,20,6,15,,,,,7,7,,,,3,,,,,,,,,,,63
06/03/2026 01:55:00,80,,,,,,,,,,,,,,,,,,,,,,,,,,5,7,1,14,9,9,,,,,20,8,,,,2,,,,,,,,,,,60
06/03/2026 02:00:00,89,,,,,,,,,,,,,,,,,,,,,,,,,,8,4,2,18,4,5,,,,,10,9,,,,2,,,,,,,,,,,57
06/03/2026 02:05:00,83,,,,,,,,,,,,,,,,,,,,,,,,,,6,4,6,7,3,9,,,,,10,4,,,,6,,,,,,,,,,,60
06/03/2026 02:10:00,90,,,,,,,,,,,,,,,,,,,,,,,,,,8,3,1,21,5,7,,,,,11,8,,,,5,,,,,,,,,,,62
06/03/2026 02:15:00,93,,,,,,,,,,,,,,,,,,,,,,,,,,5,10,0,20,9,8,,,,,11,8,,,,2,,,,,,,,,,,62
06/03/2026 02:20:00,89,,,,,,,,,,,,,,,,,,,,,,,,,,8,4,2,13,8,7,,,,,14,7,,,,3,,,,,,,,,,,59
06/03/2026 02:25:00,84,,,,,,,,,,,,,,,,,,,,,,,,,,12,7,2,14,4,11,,,,,11,7,,,,3,,,,,,,,,,,59
06/03/2026 02:30:00,79,,,,,,,,,,,,,,,,,,,,,,,,,,11,2,1,19,9,12,,,,,16,5,,,,7,,,,,,,,,,,57
06/03/2026 02:35:00,83,,,,,,,,,,,,,,,,,,,,,,,,,,9,3,3,14,3,13,,,,,19,7,,,,4,,,,,,,,,,,58
06/03/2026 02:40:00,83,,,,,,,,,,,,,,,,,,,,,,,,,,11,5,3,13,9,4,,,,,18,5,,,,6,,,,,,,,,,,61
06/03/2026 02:45:00,89,,,,,,,,,,,,,,,,,,,,,,,,,,14,7,0,10,7,7,,,,,15,5,,,,5,,,,,,,,,,,59
06/03/2026 02:50:00,93,,,,,,,,,,,,,,,,,,,,,,,,,,10,6,2,15,8,7,,,,,6,8,,,,2,,,,,,,,,,,55
06/03/2026 02:55:00,101,,,,,,,,,,,,,,,,,,,,,,,,,,11,2,1,14,12,12,,,,,9,4,,,,2,,,,,,,,,,,53
06/03/2026 03:00:00,120,,,,,,,,,,,,,,,,,,,,,,,,,,6,7,0,8,9,6,,,,,15,9,,,,4,,,,,,,,,,,51
06/03/2026 03:05:00,111,,,,,,,,,,,,,,,,,,,,,,,,,,5,7,3,15,6,5,,,,,9,9,,,,8,,,,,,,,,,,53
06/03/2026 03:10:00,79,,,,,,,,,,,,,,,,,,,,,,,,,,10,4,3,5,6,11,,,,,17,5,,,,3,,,,,,,,,,,53
06/03/2026 03:15:00,67,,,,,,,,,,,,,,,,,,,,,,,,,,16,4,1,19,12,8,,,,,20,6,,,,6,,,,,,,,,,,57
06/03/2026 03:20:00,94,,,,,,,,,,,,,,,,,,,,,,,,,,9,11,3,15,10,9,,,,,24,9,,,,11,,,,,,,,,,,60
06/03/2026 03:25:00,83,,,,,,,,,,,,,,,,,,,,,,,,,,16,3,7,13,17,8,,,,,16,6,,,,7,,,,,,,,,,,63
06/03/2026 03:30:00,74,,,,,,,,,,,,,,,,,,,,,,,,,,14,6,4,13,10,15,,,,,18,6,,,,7,,,,,,,,,,,67
06/03/2026 03:35:00,74,,,,,,,,,,,,,,,,,,,,,,,,,,27,4,6,5,13,11,,,,,16,10,,,,6,,,,,,,,,,,71
06/03/2026 03:40:00,81,,,,,,,,,,,,,,,,,,,,,,,,,,28,7,3,9,17,12,,,,,14,7,,,,11,,,,,,,,,,,74
06/03/2026 03:45:00,79,,,,,,,,,,,,,,,,,,,,,,,,,,25,10,7,12,14,14,,,,,21,6,,,,11,,,,,,,,,,,78
06/03/2026 03:50:00,74,,,,,,,,,,,,,,,,,,,,,,,,,,23,6,5,15,17,19,,,,,22,7,,,,14,,,,,,,,,,,76
06/03/2026 03:55:00,79,,,,,,,,,,,,,,,,,,,,,,,,,,22,8,5,15,15,12,,,,,19,11,,,,10,,,,,,,,,,,74
06/03/2026 04:00:00,81,,,,,,,,,,,,,,,,,,,,,,,,,,25,7,2,9,6,9,,,,,15,7,,,,5,,,,,,,,,,,74
06/03/2026 04:05:00,79,,,,,,,,,,,,,,,,,,,,,,,,,,17,6,5,14,24,9,,,,,22,7,,,,8,,,,,,,,,,,80
06/03/2026 04:10:00,83,,,,,,,,,,,,,,,,,,,,,,,,,,19,7,5,17,19,26,,,,,21,9,,,,7,,,,,,,,,,,89
06/03/2026 04:15:00,83,,,,,,,,,,,,,,,,,,,,,,,,,,24,2,2,21,17,10,,,,,15,9,,,,6,,,,,,,,,,,99
06/03/2026 04:20:00,87,,,,,,,,,,,,,,,,,,,,,,,,,,21,7,4,5,20,11,,,,,24,6,,,,8,,,,,,,,,,,106
06/03/2026 04:25:00,79,,,,,,,,,,,,,,,,,,,,,,,,,,34,4,10,12,19,23,,,,,30,12,,,,16,,,,,,,,,,,119
06/03/2026 04:30:00,87,,,,,,,,,,,,,,,,,,,,,,,,,,30,12,8,15,23,21,,,,,30,8,,,,12,,,,,,,,,,,126
06/03/2026 04:35:00,89,,,,,,,,,,,,,,,,,,,,,,,,,,42,9,7,14,30,20,,,,,30,11,,,,13,,,,,,,,,,,142
06/03/2026 04:40:00,90,,,,,,,,,,,,,,,,,,,,,,,,,,43,6,16,17,26,30,,,,,34,12,,,,18,,,,,,,,,,,154
06/03/2026 04:45:00,86,,,,,,,,,,,,,,,,,,,,,,,,,,42,15,11,8,25,31,,,,,23,18,,,,24,,,,,,,,,,,157
06/03/2026 04:50:00,97,,,,,,,,,,,,,,,,,,,,,,,,,,28,12,13,12,33,39,,,,,29,10,,,,19,,,,,,,,,,,156
06/03/2026 04:55:00,87,,,,,,,,,,,,,,,,,,,,,,,,,,24,21,9,16,27,28,,,,,35,16,,,,29,,,,,,,,,,,154
06/03/2026 05:00:00,87,,,,,,,,,,,,,,,,,,,,,,,,,,31,10,15,11,31,24,,,,,37,12,,,,16,,,,,,,,,,,158
06/03/2026 05:05:00,90,,,,,,,,,,,,,,,,,,,,,,,,,,27,12,16,7,40,20,,,,,32,10,,,,19,,,,,,,,,,,175
06/03/2026 05:10:00,106,,,,,,,,,,,,,,,,,,,,,,,,,,28,9,16,18,28,20,,,,,30,11,,,,18,,,,,,,,,,,195
06/03/2026 05:15:00,95,,,,,,,,,,,,,,,,,,,,,,,,,,29,10,10,20,33,7,,,,,53,14,,,,14,,,,,,,,,,,216
06/03/2026 05:20:00,101,,,,,,,,,,,,,,,,,,,,,,,,,,33,16,22,16,36,14,,,,,53,12,,,,18,,,,,,,,,,,233
06/03/2026 05:25:00,124,,,,,,,,,,,,,,,,,,,,,,,,,,36,12,14,19,27,21,,,,,52,17,,,,28,,,,,,,,,,,256
06/03/2026 05:30:00,110,,,,,,,,,,,,,,,,,,,,,,,,,,53,14,26,22,53,15,,,,,47,17,,,,32,,,,,,,,,,,273
06/03/2026 05:35:00,112,,,,,,,,,,,,,,,,,,,,,,,,,,46,21,37,12,37,16,,,,,53,20,,,,38,,,,,,,,,,,294
06/03/2026 05:40:00,120,,,,,,,,,,,,,,,,,,,,,,,,,,62,24,25,20,51,18,,,,,65,21,,,,44,,,,,,,,,,,307
06/03/2026 05:45:00,146,,,,,,,,,,,,,,,,,,,,,,,,,,53,18,27,16,61,21,,,,,52,16,,,,48,,,,,,,,,,,317
06/03/2026 05:50:00,120,,,,,,,,,,,,,,,,,,,,,,,,,,45,26,22,30,46,33,,,,,37,19,,,,58,,,,,,,,,,,313
06/03/2026 05:55:00,150,,,,,,,,,,,,,,,,,,,,,,,,,,42,44,29,19,57,35,,,,,40,20,,,,46,,,,,,,,,,,304
06/03/2026 06:00:00,135,,,,,,,,,,,,,,,,,,,,,,,,,,47,26,24,24,38,21,,,,,54,17,,,,51,,,,,,,,,,,302
06/03/2026 06:05:00,142,,,,,,,,,,,,,,,,,,,,,,,,,,43,10,25,27,51,14,,,,,54,20,,,,40,,,,,,,,,,,306
06/03/2026 06:10:00,139,,,,,,,,,,,,,,,,,,,,,,,,,,43,13,29,28,38,27,,,,,28,26,,,,28,,,,,,,,,,,321
06/03/2026 06:15:00,139,,,,,,,,,,,,,,,,,,,,,,,,,,32,17,25,23,47,18,,,,,58,29,,,,44,,,,,,,,,,,330
06/03/2026 06:20:00,139,,,,,,,,,,,,,,,,,,,,,,,,,,39,19,44,25,55,31,,,,,37,26,,,,45,,,,,,,,,,,336
06/03/2026 06:25:00,130,,,,,,,,,,,,,,,,,,,,,,,,,,42,25,26,31,49,22,,,,,36,26,,,,40,,,,,,,,,,,340
06/03/2026 06:30:00,148,,,,,,,,,,,,,,,,,,,,,,,,,,41,17,34,28,46,21,,,,,37,23,,,,40,,,,,,,,,,,345
06/03/2026 06:35:00,158,,,,,,,,,,,,,,,,,,,,,,,,,,43,32,29,35,66,18,,,,,55,21,,,,40,,,,,,,,,,,345
06/03/2026 06:40:00,173,,,,,,,,,,,,,,,,,,,,,,,,,,42,21,48,32,62,19,,,,,52,25,,,,60,,,,,,,,,,,334
06/03/2026 06:45:00,169,,,,,,,,,,,,,,,,,,,,,,,,,,42,39,35,32,68,19,,,,,48,15,,,,66,,,,,,,,,,,330
06/03/2026 06:50:00,160,,,,,,,,,,,,,,,,,,,,,,,,,,43,19,33,46,59,17,,,,,32,15,,,,63,,,,,,,,,,,323
06/03/2026 06:55:00,166,,,,,,,,,,,,,,,,,,,,,,,,,,45,20,28,37,55,11,,,,,56,21,,,,53,,,,,,,,,,,318
06/03/2026 07:00:00,169,,,,,,,,,,,,,,,,,,,,,,,,,,39,18,45,34,58,15,,,,,42,12,,,,65,,,,,,,,,,,319
06/03/2026 07:05:00,179,,,,,,,,,,,,,,,,,,,,,,,,,,40,21,37,34,54,14,,,,,59,24,,,,37,,,,,,,,,,,321
06/03/2026 07:10:00,198,,,,,,,,,,,,,,,,,,,,,,,,,,39,21,45,50,54,20,,,,,49,20,,,,56,,,,,,,,,,,326
06/03/2026 07:15:00,188,,,,,,,,,,,,,,,,,,,,,,,,,,42,24,40,44,78,14,,,,,59,23,,,,56,,,,,,,,,,,326
06/03/2026 07:20:00,151,,,,,,,,,,,,,,,,,,,,,,,,,,34,13,38,45,59,25,,,,,46,20,,,,43,,,,,,,,,,,328
06/03/2026 07:25:00,196,,,,,,,,,,,,,,,,,,,,,,,,,,39,17,44,33,64,10,,,,,60,16,,,,53,,,,,,,,,,,326
06/03/2026 07:30:00,193,,,,,,,,,,,,,,,,,,,,,,,,,,39,16,23,32,61,17,,,,,43,39,,,,60,,,,,,,,,,,326
06/03/2026 07:35:00,188,,,,,,,,,,,,,,,,,,,,,,,,,,47,24,30,36,53,7,,,,,43,21,,,,59,,,,,,,,,,,330
06/03/2026 07:40:00,196,,,,,,,,,,,,,,,,,,,,,,,,,,40,28,31,35,53,12,,,,,57,24,,,,79,,,,,,,,,,,328
06/03/2026 07:45:00,180,,,,,,,,,,,,,,,,,,,,,,,,,,31,24,25,29,45,23,,,,,49,30,,,,81,,,,,,,,,,,326
06/03/2026 07:50:00,205,,,,,,,,,,,,,,,,,,,,,,,,,,39,15,32,27,56,24,,,,,42,42,,,,62,,,,,,,,,,,319
06/03/2026 07:55:00,211,,,,,,,,,,,,,,,,,,,,,,,,,,41,13,30,31,52,23,,,,,49,28,,,,60,,,,,,,,,,,317
06/03/2026 08:00:00,203,,,,,,,,,,,,,,,,,,,,,,,,,,46,28,41,36,47,25,,,,,58,22,,,,45,,,,,,,,,,,317
06/03/2026 08:05:00,195,,,,,,,,,,,,,,,,,,,,,,,,,,39,15,34,31,57,26,,,,,50,33,,,,28,,,,,,,,,,,320
06/03/2026 08:10:00,195,,,,,,,,,,,,,,,,,,,,,,,,,,40,16,29,58,46,22,,,,,41,23,,,,32,,,,,,,,,,,318
06/03/2026 08:15:00,202,,,,,,,,,,,,,,,,,,,,,,,,,,39,27,27,40,49,20,,,,,43,27,,,,47,,,,,,,,,,,317
06/03/2026 08:20:00,184,,,,,,,,,,,,,,,,,,,,,,,,,,27,24,20,37,40,29,,,,,46,19,,,,54,,,,,,,,,,,313
06/03/2026 08:25:00,188,,,,,,,,,,,,,,,,,,,,,,,,,,21,32,20,36,55,8,,,,,45,20,,,,53,,,,,,,,,,,313
06/03/2026 08:30:00,201,,,,,,,,,,,,,,,,,,,,,,,,,,30,18,29,28,52,25,,,,,49,24,,,,56,,,,,,,,,,,310
06/03/2026 08:35:00,188,,,,,,,,,,,,,,,,,,,,,,,,,,32,36,23,35,43,31,,,,,37,29,,,,53,,,,,,,,,,,313
06/03/2026 08:40:00,184,,,,,,,,,,,,,,,,,,,,,,,,,,44,29,23,44,46,31,,,,,40,36,,,,43,,,,,,,,,,,311
06/03/2026 08:45:00,177,,,,,,,,,,,,,,,,,,,,,,,,,,34,28,29,57,38,26,,,,,41,33,,,,47,,,,,,,,,,,311
06/03/2026 08:50:00,201,,,,,,,,,,,,,,,,,,,,,,,,,,32,27,34,62,44,19,,,,,39,39,,,,43,,,,,,,,,,,306
06/03/2026 08:55:00,184,,,,,,,,,,,,,,,,,,,,,,,,,,28,26,19,46,43,37,,,,,41,46,,,,36,,,,,,,,,,,302
06/03/2026 09:00:00,164,,,,,,,,,,,,,,,,,,,,,,,,,,31,22,19,52,37,28,,,,,46,46,,,,39,,,,,,,,,,,300
06/03/2026 09:05:00,162,,,,,,,,,,,,,,,,,,,,,,,,,,25,11,15,50,36,29,,,,,27,48,,,,48,,,,,,,,,,,298
06/03/2026 09:10:00,196,,,,,,,,,,,,,,,,,,,,,,,,,,31,29,32,31,37,31,,,,,42,39,,,,58,,,,,,,,,,,300
06/03/2026 09:15:00,173,,,,,,,,,,,,,,,,,,,,,,,,,,25,27,20,41,30,33,,,,,34,37,,,,58,,,,,,,,,,,305
06/03/2026 09:20:00,185,,,,,,,,,,,,,,,,,,,,,,,,,,41,20,18,36,38,34,,,,,35,47,,,,40,,,,,,,,,,,304
06/03/2026 09:25:00,180,,,,,,,,,,,,,,,,,,,,,,,,,,32,17,22,48,33,34,,,,,32,50,,,,46,,,,,,,,,,,306
06/03/2026 09:30:00,196,,,,,,,,,,,,,,,,,,,,,,,,,,35,16,27,31,35,34,,,,,47,48,,,,53,,,,,,,,,,,304
06/03/2026 09:35:00,154,,,,,,,,,,,,,,,,,,,,,,,,,,29,21,27,52,49,21,,,,,44,48,,,,46,,,,,,,,,,,307
06/03/2026 09:40:00,180,,,,,,,,,,,,,,,,,,,,,,,,,,39,20,22,31,42,31,,,,,42,59,,,,47,,,,,,,,,,,308
06/03/2026 09:45:00,151,,,,,,,,,,,,,,,,,,,,,,,,,,35,27,37,33,39,28,,,,,48,46,,,,53,,,,,,,,,,,303
06/03/2026 09:50:00,174,,,,,,,,,,,,,,,,,,,,,,,,,,29,17,24,38,42,38,,,,,32,68,,,,36,,,,,,,,,,,305
06/03/2026 09:55:00,152,,,,,,,,,,,,,,,,,,,,,,,,,,30,18,26,52,43,41,,,,,30,54,,,,39,,,,,,,,,,,300
06/03/2026 10:00:00,143,,,,,,,,,,,,,,,,,,,,,,,,,,37,26,28,40,33,44,,,,,29,49,,,,41,,,,,,,,,,,300
06/03/2026 10:05:00,158,,,,,,,,,,,,,,,,,,,,,,,,,,28,21,21,44,42,33,,,,,40,49,,,,32,,,,,,,,,,,302
06/03/2026 10:10:00,162,,,,,,,,,,,,,,,,,,,,,,,,,,42,20,26,41,32,38,,,,,29,38,,,,39,,,,,,,,,,,302
06/03/2026 10:15:00,178,,,,,,,,,,,,,,,,,,,,,,,,,,37,18,25,54,28,42,,,,,35,55,,,,32,,,,,,,,,,,306
06/03/2026 10:20:00,150,,,,,,,,,,,,,,,,,,,,,,,,,,41,21,18,55,30,37,,,,,47,41,,,,22,,,,,,,,,,,306
06/03/2026 10:25:00,179,,,,,,,,,,,,,,,,,,,,,,,,,,24,12,21,52,35,47,,,,,29,49,,,,26,,,,,,,,,,,304
06/03/2026 10:30:00,183,,,,,,,,,,,,,,,,,,,,,,,,,,40,16,25,35,45,36,,,,,30,52,,,,28,,,,,,,,,,,307
06/03/2026 10:35:00,166,,,,,,,,,,,,,,,,,,,,,,,,,,33,11,23,46,42,37,,,,,51,43,,,,42,,,,,,,,,,,306
06/03/2026 10:40:00,174,,,,,,,,,,,,,,,,,,,,,,,,,,44,22,21,49,35,48,,,,,51,52,,,,35,,,,,,,,,,,305
06/03/2026 10:45:00,169,,,,,,,,,,,,,,,,,,,,,,,,,,36,22,20,44,43,32,,,,,50,57,,,,28,,,,,,,,,,,304
06/03/2026 10:50:00,162,,,,,,,,,,,,,,,,,,,,,,,,,,27,17,17,50,31,48,,,,,43,56,,,,39,,,,,,,,,,,303
06/03/2026 10:55:00,140,,,,,,,,,,,,,,,,,,,,,,,,,,35,22,22,46,25,50,,,,,49,65,,,,36,,,,,,,,,,,302
06/03/2026 11:00:00,173,,,,,,,,,,,,,,,,,,,,,,,,,,35,27,13,52,50,33,,,,,31,63,,,,28,,,,,,,,,,,300
06/03/2026 11:05:00,169,,,,,,,,,,,,,,,,,,,,,,,,,,25,13,20,46,42,38,,,,,24,61,,,,42,,,,,,,,,,,305
06/03/2026 11:10:00,169,,,,,,,,,,,,,,,,,,,,,,,,,,30,26,8,54,58,32,,,,,30,42,,,,40,,,,,,,,,,,308
06/03/2026 11:15:00,192,,,,,,,,,,,,,,,,,,,,,,,,,,27,18,27,36,37,46,,,,,29,46,,,,31,,,,,,,,,,,307
06/03/2026 11:20:00,176,,,,,,,,,,,,,,,,,,,,,,,,,,25,18,16,57,28,36,,,,,37,46,,,,28,,,,,,,,,,,309
06/03/2026 11:25:00,163,,,,,,,,,,,,,,,,,,,,,,,,,,26,17,19,51,35,37,,,,,23,49,,,,28,,,,,,,,,,,310
06/03/2026 11:30:00,196,,,,,,,,,,,,,,,,,,,,,,,,,,31,22,18,45,33,42,,,,,36,46,,,,32,,,,,,,,,,,311
06/03/2026 11:35:00,166,,,,,,,,,,,,,,,,,,,,,,,,,,31,17,14,73,45,28,,,,,37,38,,,,21,,,,,,,,,,,315
06/03/2026 11:40:00,183,,,,,,,,,,,,,,,,,,,,,,,,,,41,20,29,47,44,33,,,,,36,47,,,,31,,,,,,,,,,,325
06/03/2026 11:45:00,187,,,,,,,,,,,,,,,,,,,,,,,,,,31,24,24,53,43,41,,,,,32,39,,,,25,,,,,,,,,,,320
06/03/2026 11:50:00,183,,,,,,,,,,,,,,,,,,,,,,,,,,40,28,23,52,32,35,,,,,31,59,,,,21,,,,,,,,,,,323
06/03/2026 11:55:00,159,,,,,,,,,,,,,,,,,,,,,,,,,,34,15,18,51,39,35,,,,,37,56,,,,28,,,,,,,,,,,319
06/03/2026 12:00:00,166,,,,,,,,,,,,,,,,,,,,,,,,,,31,26,18,62,40,37,,,,,31,49,,,,26,,,,,,,,,,,327
06/03/2026 12:05:00,196,,,,,,,,,,,,,,,,,,,,,,,,,,36,26,23,50,23,33,,,,,33,51,,,,34,,,,,,,,,,,329
06/03/2026 12:10:00,165,,,,,,,,,,,,,,,,,,,,,,,,,,35,23,22,49,53,41,,,,,35,48,,,,27,,,,,,,,,,,323
06/03/2026 12:15:00,159,,,,,,,,,,,,,,,,,,,,,,,,,,33,30,30,52,53,40,,,,,41,69,,,,31,,,,,,,,,,,332
06/03/2026 12:20:00,159,,,,,,,,,,,,,,,,,,,,,,,,,,41,29,25,42,42,68,,,,,39,44,,,,32,,,,,,,,,,,332
06/03/2026 12:25:00,173,,,,,,,,,,,,,,,,,,,,,,,,,,35,22,24,51,43,45,,,,,29,51,,,,14,,,,,,,,,,,326
06/03/2026 12:30:00,169,,,,,,,,,,,,,,,,,,,,,,,,,,28,23,15,69,38,57,,,,,24,74,,,,30,,,,,,,,,,,325
06/03/2026 12:35:00,154,,,,,,,,,,,,,,,,,,,,,,,,,,31,32,28,54,38,62,,,,,32,55,,,,32,,,,,,,,,,,328
06/03/2026 12:40:00,178,,,,,,,,,,,,,,,,,,,,,,,,,,37,27,21,58,35,36,,,,,45,50,,,,34,,,,,,,,,,,330
06/03/2026 12:45:00,177,,,,,,,,,,,,,,,,,,,,,,,,,,30,21,21,58,34,33,,,,,43,52,,,,29,,,,,,,,,,,332
06/03/2026 12:50:00,155,,,,,,,,,,,,,,,,,,,,,,,,,,35,24,20,48,36,40,,,,,41,49,,,,24,,,,,,,,,,,328
06/03/2026 12:55:00,198,,,,,,,,,,,,,,,,,,,,,,,,,,35,41,17,64,34,47,,,,,28,61,,,,36,,,,,,,,,,,319
06/03/2026 13:00:00,213,,,,,,,,,,,,,,,,,,,,,,,,,,37,25,19,54,50,40,,,,,37,42,,,,31,,,,,,,,,,,315
06/03/2026 13:05:00,177,,,,,,,,,,,,,,,,,,,,,,,,,,32,25,16,57,49,60,,,,,30,50,,,,32,,,,,,,,,,,327
06/03/2026 13:10:00,150,,,,,,,,,,,,,,,,,,,,,,,,,,36,27,19,65,43,32,,,,,32,45,,,,33,,,,,,,,,,,319
06/03/2026 13:15:00,153,,,,,,,,,,,,,,,,,,,,,,,,,,35,34,29,57,42,41,,,,,42,50,,,,39,,,,,,,,,,,321
06/03/2026 13:20:00,164,,,,,,,,,,,,,,,,,,,,,,,,,,31,30,20,46,41,48,,,,,39,64,,,,31,,,,,,,,,,,323
06/03/2026 13:25:00,160,,,,,,,,,,,,,,,,,,,,,,,,,,36,30,20,54,51,32,,,,,32,57,,,,41,,,,,,,,,,,321
06/03/2026 13:30:00,172,,,,,,,,,,,,,,,,,,,,,,,,,,44,31,26,63,43,37,,,,,53,66,,,,26,,,,,,,,,,,321
06/03/2026 13:35:00,146,,,,,,,,,,,,,,,,,,,,,,,,,,30,33,23,63,50,30,,,,,20,63,,,,37,,,,,,,,,,,323
06/03/2026 13:40:00,192,,,,,,,,,,,,,,,,,,,,,,,,,,40,25,16,77,56,34,,,,,40,53,,,,42,,,,,,,,,,,326
06/03/2026 13:45:00,215,,,,,,,,,,,,,,,,,,,,,,,,,,32,26,27,66,45,22,,,,,42,44,,,,38,,,,,,,,,,,325
06/03/2026 13:50:00,159,,,,,,,,,,,,,,,,,,,,,,,,,,34,26,24,83,40,36,,,,,35,56,,,,25,,,,,,,,,,,325
06/03/2026 13:55:00,187,,,,,,,,,,,,,,,,,,,,,,,,,,40,23,20,73,41,45,,,,,31,42,,,,25,,,,,,,,,,,322
06/03/2026 14:00:00,153,,,,,,,,,,,,,,,,,,,,,,,,,,21,27,29,80,39,30,,,,,34,64,,,,28,,,,,,,,,,,324
06/03/2026 14:05:00,173,,,,,,,,,,,,,,,,,,,,,,,,,,38,24,26,79,46,36,,,,,40,56,,,,32,,,,,,,,,,,321
06/03/2026 14:10:00,160,,,,,,,,,,,,,,,,,,,,,,,,,,41,26,20,62,48,41,,,,,34,61,,,,33,,,,,,,,,,,326
06/03/2026 14:15:00,196,,,,,,,,,,,,,,,,,,,,,,,,,,34,20,38,49,52,41,,,,,49,58,,,,21,,,,,,,,,,,328
06/03/2026 14:20:00,176,,,,,,,,,,,,,,,,,,,,,,,,,,42,39,21,71,40,39,,,,,24,52,,,,29,,,,,,,,,,,327
06/03/2026 14:25:00,198,,,,,,,,,,,,,,,,,,,,,,,,,,35,21,35,72,41,41,,,,,44,51,,,,32,,,,,,,,,,,325
06/03/2026 14:30:00,184,,,,,,,,,,,,,,,,,,,,,,,,,,34,31,21,61,34,38,,,,,29,45,,,,28,,,,,,,,,,,325
06/03/2026 14:35:00,175,,,,,,,,,,,,,,,,,,,,,,,,,,39,26,25,81,51,42,,,,,35,54,,,,19,,,,,,,,,,,328
06/03/2026 14:40:00,165,,,,,,,,,,,,,,,,,,,,,,,,,,41,39,30,79,56,42,,,,,31,69,,,,30,,,,,,,,,,,334
06/03/2026 14:45:00,200,,,,,,,,,,,,,,,,,,,,,,,,,,37,24,21,64,39,37,,,,,32,63,,,,26,,,,,,,,,,,332
06/03/2026 14:50:00,169,,,,,,,,,,,,,,,,,,,,,,,,,,34,22,27,77,46,34,,,,,27,67,,,,21,,,,,,,,,,,328
06/03/2026 14:55:00,183,,,,,,,,,,,,,,,,,,,,,,,,,,34,28,29,69,58,56,,,,,30,67,,,,29,,,,,,,,,,,324
06/03/2026 15:00:00,176,,,,,,,,,,,,,,,,,,,,,,,,,,37,34,30,69,33,36,,,,,33,84,,,,23,,,,,,,,,,,321
06/03/2026 15:05:00,179,,,,,,,,,,,,,,,,,,,,,,,,,,27,22,17,76,46,58,,,,,27,57,,,,33,,,,,,,,,,,322
06/03/2026 15:10:00,225,,,,,,,,,,,,,,,,,,,,,,,,,,45,32,34,66,37,64,,,,,30,65,,,,31,,,,,,,,,,,326
06/03/2026 15:15:00,197,,,,,,,,,,,,,,,,,,,,,,,,,,42,22,37,69,53,50,,,,,32,66,,,,43,,,,,,,,,,,323
06/03/2026 15:20:00,238,,,,,,,,,,,,,,,,,,,,,,,,,,47,26,27,57,63,50,,,,,46,67,,,,30,,,,,,,,,,,322
06/03/2026 15:25:00,211,,,,,,,,,,,,,,,,,,,,,,,,,,41,23,25,51,47,36,,,,,19,58,,,,30,,,,,,,,,,,317
06/03/2026 15:30:00,184,,,,,,,,,,,,,,,,,,,,,,,,,,44,29,29,50,45,44,,,,,29,58,,,,31,,,,,,,,,,,315
06/03/2026 15:35:00,241,,,,,,,,,,,,,,,,,,,,,,,,,,44,19,41,63,55,47,,,,,33,50,,,,20,,,,,,,,,,,317
06/03/2026 15:40:00,212,,,,,,,,,,,,,,,,,,,,,,,,,,42,27,46,67,52,31,,,,,31,75,,,,27,,,,,,,,,,,313
06/03/2026 15:45:00,234,,,,,,,,,,,,,,,,,,,,,,,,,,39,20,36,65,50,48,,,,,37,54,,,,30,,,,,,,,,,,311
06/03/2026 15:50:00,213,,,,,,,,,,,,,,,,,,,,,,,,,,30,40,25,72,44,56,,,,,43,70,,,,41,,,,,,,,,,,304
06/03/2026 15:55:00,188,,,,,,,,,,,,,,,,,,,,,,,,,,24,33,19,72,62,50,,,,,35,64,,,,32,,,,,,,,,,,305
06/03/2026 16:00:00,215,,,,,,,,,,,,,,,,,,,,,,,,,,34,23,30,73,32,60,,,,,43,63,,,,29,,,,,,,,,,,305
06/03/2026 16:05:00,213,,,,,,,,,,,,,,,,,,,,,,,,,,27,39,33,62,50,52,,,,,39,49,,,,21,,,,,,,,,,,300
06/03/2026 16:10:00,191,,,,,,,,,,,,,,,,,,,,,,,,,,32,35,42,87,50,50,,,,,40,74,,,,32,,,,,,,,,,,302
06/03/2026 16:15:00,234,,,,,,,,,,,,,,,,,,,,,,,,,,31,30,35,64,54,56,,,,,32,81,,,,25,,,,,,,,,,,300
06/03/2026 16:20:00,233,,,,,,,,,,,,,,,,,,,,,,,,,,41,28,15,73,40,60,,,,,52,76,,,,17,,,,,,,,,,,298
06/03/2026 16:25:00,236,,,,,,,,,,,,,,,,,,,,,,,,,,31,26,30,83,44,59,,,,,45,84,,,,25,,,,,,,,,,,296
06/03/2026 16:30:00,216,,,,,,,,,,,,,,,,,,,,,,,,,,39,34,26,69,31,66,,,,,41,84,,,,21,,,,,,,,,,,293
06/03/2026 16:35:00,218,,,,,,,,,,,,,,,,,,,,,,,,,,39,30,34,73,67,52,,,,,33,86,,,,23,,,,,,,,,,,300
06/03/2026 16:40:00,264,,,,,,,,,,,,,,,,,,,,,,,,,,35,31,32,62,36,78,,,,,51,78,,,,21,,,,,,,,,,,298
06/03/2026 16:45:00,245,,,,,,,,,,,,,,,,,,,,,,,,,,34,32,38,71,39,58,,,,,47,79,,,,22,,,,,,,,,,,308
06/03/2026 16:50:00,241,,,,,,,,,,,,,,,,,,,,,,,,,,40,39,30,59,33,73,,,,,34,83,,,,30,,,,,,,,,,,309
06/03/2026 16:55:00,255,,,,,,,,,,,,,,,,,,,,,,,,,,30,22,24,97,35,74,,,,,45,80,,,,29,,,,,,,,,,,292
06/03/2026 17:00:00,233,,,,,,,,,,,,,,,,,,,,,,,,,,42,31,21,72,36,76,,,,,35,77,,,,31,,,,,,,,,,,296
06/03/2026 17:05:00,251,,,,,,,,,,,,,,,,,,,,,,,,,,35,35,19,79,43,53,,,,,48,77,,,,29,,,,,,,,,,,300
06/03/2026 17:10:00,240,,,,,,,,,,,,,,,,,,,,,,,,,,41,17,31,80,42,62,,,,,39,80,,,,17,,,,,,,,,,,313
06/03/2026 17:15:00,229,,,,,,,,,,,,,,,,,,,,,,,,,,45,35,33,65,39,69,,,,,55,72,,,,43,,,,,,,,,,,315
06/03/2026 17:20:00,236,,,,,,,,,,,,,,,,,,,,,,,,,,40,25,43,72,19,76,,,,,45,83,,,,27,,,,,,,,,,,294
06/03/2026 17:25:00,245,,,,,,,,,,,,,,,,,,,,,,,,,,34,31,18,65,56,71,,,,,50,70,,,,35,,,,,,,,,,,283
06/03/2026 17:30:00,241,,,,,,,,,,,,,,,,,,,,,,,,,,29,26,32,71,21,47,,,,,47,98,,,,24,,,,,,,,,,,308
06/03/2026 17:35:00,222,,,,,,,,,,,,,,,,,,,,,,,,,,28,29,25,75,48,69,,,,,50,87,,,,20,,,,,,,,,,,285
06/03/2026 17:40:00,232,,,,,,,,,,,,,,,,,,,,,,,,,,36,26,21,87,20,70,,,,,33,64,,,,22,,,,,,,,,,,305
06/03/2026 17:45:00,225,,,,,,,,,,,,,,,,,,,,,,,,,,31,27,25,79,43,67,,,,,44,65,,,,27,,,,,,,,,,,307
06/03/2026 17:50:00,225,,,,,,,,,,,,,,,,,,,,,,,,,,34,35,18,73,20,74,,,,,43,73,,,,25,,,,,,,,,,,300
06/03/2026 17:55:00,206,,,,,,,,,,,,,,,,,,,,,,,,,,37,30,21,84,25,60,,,,,31,78,,,,19,,,,,,,,,,,293
06/03/2026 18:00:00,201,,,,,,,,,,,,,,,,,,,,,,,,,,26,32,11,78,27,82,,,,,34,61,,,,20,,,,,,,,,,,286
06/03/2026 18:05:00,196,,,,,,,,,,,,,,,,,,,,,,,,,,29,44,10,67,42,76,,,,,46,71,,,,22,,,,,,,,,,,296
06/03/2026 18:10:00,207,,,,,,,,,,,,,,,,,,,,,,,,,,36,39,24,75,21,76,,,,,41,74,,,,21,,,,,,,,,,,294
06/03/2026 18:15:00,213,,,,,,,,,,,,,,,,,,,,,,,,,,20,33,24,72,44,66,,,,,35,87,,,,21,,,,,,,,,,,300
06/03/2026 18:20:00,218,,,,,,,,,,,,,,,,,,,,,,,,,,36,43,21,71,35,50,,,,,24,83,,,,20,,,,,,,,,,,300
06/03/2026 18:25:00,207,,,,,,,,,,,,,,,,,,,,,,,,,,38,38,21,82,37,77,,,,,39,86,,,,16,,,,,,,,,,,302
06/03/2026 18:30:00,203,,,,,,,,,,,,,,,,,,,,,,,,,,30,23,13,91,21,60,,,,,30,80,,,,23,,,,,,,,,,,306
06/03/2026 18:35:00,222,,,,,,,,,,,,,,,,,,,,,,,,,,25,22,16,89,32,52,,,,,35,71,,,,18,,,,,,,,,,,303
06/03/2026 18:40:00,187,,,,,,,,,,,,,,,,,,,,,,,,,,38,22,16,71,33,47,,,,,30,53,,,,18,,,,,,,,,,,306
06/03/2026 18:45:00,198,,,,,,,,,,,,,,,,,,,,,,,,,,33,23,11,80,40,56,,,,,31,71,,,,21,,,,,,,,,,,311
06/03/2026 18:50:00,192,,,,,,,,,,,,,,,,,,,,,,,,,,32,24,13,56,18,40,,,,,38,51,,,,12,,,,,,,,,,,311
06/03/2026 18:55:00,191,,,,,,,,,,,,,,,,,,,,,,,,,,32,21,8,64,42,48,,,,,34,60,,,,8,,,,,,,,,,,311
06/03/2026 19:00:00,178,,,,,,,,,,,,,,,,,,,,,,,,,,23,27,6,68,23,37,,,,,20,54,,,,21,,,,,,,,,,,308
06/03/2026 19:05:00,169,,,,,,,,,,,,,,,,,,,,,,,,,,29,23,14,60,23,68,,,,,50,57,,,,17,,,,,,,,,,,317
06/03/2026 19:10:00,173,,,,,,,,,,,,,,,,,,,,,,,,,,32,19,14,63,33,37,,,,,32,50,,,,8,,,,,,,,,,,325
06/03/2026 19:15:00,179,,,,,,,,,,,,,,,,,,,,,,,,,,34,20,19,72,41,37,,,,,37,62,,,,13,,,,,,,,,,,326
06/03/2026 19:20:00,163,,,,,,,,,,,,,,,,,,,,,,,,,,36,28,18,74,43,40,,,,,28,51,,,,11,,,,,,,,,,,325
06/03/2026 19:25:00,169,,,,,,,,,,,,,,,,,,,,,,,,,,23,27,12,57,37,51,,,,,22,63,,,,9,,,,,,,,,,,325
06/03/2026 19:30:00,183,,,,,,,,,,,,,,,,,,,,,,,,,,34,19,15,52,30,31,,,,,13,39,,,,9,,,,,,,,,,,315
06/03/2026 19:35:00,173,,,,,,,,,,,,,,,,,,,,,,,,,,28,25,14,53,27,37,,,,,34,46,,,,6,,,,,,,,,,,313
06/03/2026 19:40:00,148,,,,,,,,,,,,,,,,,,,,,,,,,,31,21,10,74,37,32,,,,,23,48,,,,10,,,,,,,,,,,311
06/03/2026 19:45:00,141,,,,,,,,,,,,,,,,,,,,,,,,,,24,22,22,55,31,46,,,,,25,57,,,,13,,,,,,,,,,,307
06/03/2026 19:50:00,153,,,,,,,,,,,,,,,,,,,,,,,,,,43,21,19,59,39,44,,,,,34,49,,,,10,,,,,,,,,,,304
06/03/2026 19:55:00,154,,,,,,,,,,,,,,,,,,,,,,,,,,33,12,16,67,23,33,,,,,20,45,,,,9,,,,,,,,,,,298
06/03/2026 20:00:00,139,,,,,,,,,,,,,,,,,,,,,,,,,,27,15,15,54,46,33,,,,,32,48,,,,6,,,,,,,,,,,292
06/03/2026 20:05:00,157,,,,,,,,,,,,,,,,,,,,,,,,,,23,24,17,55,33,44,,,,,33,48,,,,8,,,,,,,,,,,292
06/03/2026 20:10:00,166,,,,,,,,,,,,,,,,,,,,,,,,,,31,15,19,54,36,33,,,,,34,59,,,,9,,,,,,,,,,,291
06/03/2026 20:15:00,152,,,,,,,,,,,,,,,,,,,,,,,,,,28,15,13,70,37,49,,,,,44,52,,,,11,,,,,,,,,,,291
06/03/2026 20:20:00,159,,,,,,,,,,,,,,,,,,,,,,,,,,35,17,13,70,29,32,,,,,25,57,,,,9,,,,,,,,,,,291
06/03/2026 20:25:00,162,,,,,,,,,,,,,,,,,,,,,,,,,,30,11,14,71,38,40,,,,,34,44,,,,4,,,,,,,,,,,286
06/03/2026 20:30:00,159,,,,,,,,,,,,,,,,,,,,,,,,,,22,21,14,64,23,51,,,,,26,60,,,,11,,,,,,,,,,,287
06/03/2026 20:35:00,158,,,,,,,,,,,,,,,,,,,,,,,,,,29,10,18,65,27,55,,,,,27,59,,,,1,,,,,,,,,,,284
06/03/2026 20:40:00,177,,,,,,,,,,,,,,,,,,,,,,,,,,34,13,12,70,32,38,,,,,35,38,,,,3,,,,,,,,,,,284
06/03/2026 20:45:00,140,,,,,,,,,,,,,,,,,,,,,,,,,,31,13,18,72,27,35,,,,,37,51,,,,10,,,,,,,,,,,283
06/03/2026 20:50:00,146,,,,,,,,,,,,,,,,,,,,,,,,,,28,20,9,80,46,51,,,,,37,56,,,,16,,,,,,,,,,,282
06/03/2026 20:55:00,176,,,,,,,,,,,,,,,,,,,,,,,,,,27,15,6,66,25,49,,,,,24,61,,,,10,,,,,,,,,,,279
06/03/2026 21:00:00,153,,,,,,,,,,,,,,,,,,,,,,,,,,15,21,9,73,34,37,,,,,30,57,,,,8,,,,,,,,,,,272
06/03/2026 21:05:00,133,,,,,,,,,,,,,,,,,,,,,,,,,,26,14,7,76,40,42,,,,,30,45,,,,9,,,,,,,,,,,275
06/03/2026 21:10:00,155,,,,,,,,,,,,,,,,,,,,,,,,,,29,13,10,74,29,40,,,,,26,59,,,,9,,,,,,,,,,,280
06/03/2026 21:15:00,139,,,,,,,,,,,,,,,,,,,,,,,,,,30,22,14,56,38,43,,,,,42,44,,,,12,,,,,,,,,,,284
06/03/2026 21:20:00,146,,,,,,,,,,,,,,,,,,,,,,,,,,31,17,10,44,35,35,,,,,30,45,,,,12,,,,,,,,,,,287
06/03/2026 21:25:00,131,,,,,,,,,,,,,,,,,,,,,,,,,,22,24,13,44,22,38,,,,,27,50,,,,10,,,,,,,,,,,283
06/03/2026 21:30:00,154,,,,,,,,,,,,,,,,,,,,,,,,,,24,20,18,43,29,35,,,,,41,38,,,,7,,,,,,,,,,,277
06/03/2026 21:35:00,129,,,,,,,,,,,,,,,,,,,,,,,,,,24,18,16,48,22,51,,,,,31,51,,,,10,,,,,,,,,,,273
06/03/2026 21:40:00,116,,,,,,,,,,,,,,,,,,,,,,,,,,29,20,5,46,15,44,,,,,26,40,,,,9,,,,,,,,,,,271
06/03/2026 21:45:00,120,,,,,,,,,,,,,,,,,,,,,,,,,,32,20,12,49,30,37,,,,,29,36,,,,12,,,,,,,,,,,268
06/03/2026 21:50:00,126,,,,,,,,,,,,,,,,,,,,,,,,,,38,27,18,41,21,35,,,,,24,43,,,,11,,,,,,,,,,,264
06/03/2026 21:55:00,134,,,,,,,,,,,,,,,,,,,,,,,,,,14,22,22,39,29,36,,,,,27,39,,,,16,,,,,,,,,,,256
06/03/2026 22:00:00,125,,,,,,,,,,,,,,,,,,,,,,,,,,22,15,21,34,18,37,,,,,31,38,,,,8,,,,,,,,,,,250
06/03/2026 22:05:00,116,,,,,,,,,,,,,,,,,,,,,,,,,,29,16,16,37,26,28,,,,,29,40,,,,6,,,,,,,,,,,250
06/03/2026 22:10:00,120,,,,,,,,,,,,,,,,,,,,,,,,,,28,17,13,44,21,24,,,,,30,35,,,,5,,,,,,,,,,,248
06/03/2026 22:15:00,110,,,,,,,,,,,,,,,,,,,,,,,,,,31,9,10,54,35,32,,,,,33,22,,,,2,,,,,,,,,,,250
06/03/2026 22:20:00,102,,,,,,,,,,,,,,,,,,,,,,,,,,27,24,22,43,29,27,,,,,27,29,,,,6,,,,,,,,,,,241
06/03/2026 22:25:00,97,,,,,,,,,,,,,,,,,,,,,,,,,,23,17,10,47,29,36,,,,,24,46,,,,4,,,,,,,,,,,238
06/03/2026 22:30:00,108,,,,,,,,,,,,,,,,,,,,,,,,,,23,13,11,29,18,26,,,,,18,45,,,,6,,,,,,,,,,,235
06/03/2026 22:35:00,94,,,,,,,,,,,,,,,,,,,,,,,,,,24,4,7,36,23,29,,,,,25,32,,,,12,,,,,,,,,,,232
06/03/2026 22:40:00,110,,,,,,,,,,,,,,,,,,,,,,,,,,23,6,13,42,25,30,,,,,38,32,,,,9,,,,,,,,,,,228
06/03/2026 22:45:00,93,,,,,,,,,,,,,,,,,,,,,,,,,,19,14,12,40,19,24,,,,,25,26,,,,9,,,,,,,,,,,218
06/03/2026 22:50:00,110,,,,,,,,,,,,,,,,,,,,,,,,,,15,10,8,37,14,19,,,,,27,28,,,,3,,,,,,,,,,,209
06/03/2026 22:55:00,116,,,,,,,,,,,,,,,,,,,,,,,,,,9,13,6,33,27,24,,,,,21,23,,,,6,,,,,,,,,,,199
06/03/2026 23:00:00,125,,,,,,,,,,,,,,,,,,,,,,,,,,18,15,10,32,15,25,,,,,28,38,,,,7,,,,,,,,,,,188
06/03/2026 23:05:00,120,,,,,,,,,,,,,,,,,,,,,,,,,,24,8,3,46,24,27,,,,,24,20,,,,2,,,,,,,,,,,184
06/03/2026 23:10:00,108,,,,,,,,,,,,,,,,,,,,,,,,,,11,6,11,40,18,21,,,,,12,22,,,,6,,,,,,,,,,,175
06/03/2026 23:15:00,106,,,,,,,,,,,,,,,,,,,,,,,,,,10,9,2,37,25,18,,,,,16,24,,,,6,,,,,,,,,,,173
06/03/2026 23:20:00,110,,,,,,,,,,,,,,,,,,,,,,,,,,14,3,7,36,22,16,,,,,29,26,,,,5,,,,,,,,,,,169
06/03/2026 23:25:00,99,,,,,,,,,,,,,,,,,,,,,,,,,,12,5,3,36,16,15,,,,,29,30,,,,1,,,,,,,,,,,162
06/03/2026 23:30:00,90,,,,,,,,,,,,,,,,,,,,,,,,,,22,5,7,23,16,19,,,,,26,20,,,,2,,,,,,,,,,,158
06/03/2026 23:35:00,93,,,,,,,,,,,,,,,,,,,,,,,,,,21,3,11,26,12,17,,,,,12,21,,,,6,,,,,,,,,,,154
06/03/2026 23:40:00,111,,,,,,,,,,,,,,,,,,,,,,,,,,15,6,5,26,10,11,,,,,18,21,,,,4,,,,,,,,,,,151
06/03/2026 23:45:00,114,,,,,,,,,,,,,,,,,,,,,,,,,,13,6,5,29,10,15,,,,,14,25,,,,5,,,,,,,,,,,144
06/03/2026 23:50:00,94,,,,,,,,,,,,,,,,,,,,,,,,,,8,3,8,28,6,12,,,,,19,20,,,,4,,,,,,,,,,,137
06/03/2026 23:55:00,97,,,,,,,,,,,,,,,,,,,,,,,,,,12,3,1,31,9,12,,,,,22,13,,,,7,,,,,,,,,,,127
