timestamp,777203_ML_exit,772702_OR,772703_FR,772712_OR,772713_FR,774390_OR,774391_FR,774460_FF,774461_FF,716843_OR,763771_FR,716845_OR,717959_FR,774150_OR,774151_FF,716849_OR,717969_FR,716851_OR,761757_FR,716853_OR,718152_FF,761767_OR,716855_OR,717976_FR,716882_FR,716859_OR,717979_CD,761778_FR,716860_OR,716863_OR,717985_FR,716865_OR,717988_FR,717997_OR,717998_FR,716867_OR,718001_FR,761790_OR,716868_OR,718007_FR,716870_OR,718011_FR,716873_OR,716876_FF,776254_FR,776255_FF,716878_OR,776240_OR,776241_FF,716879_OR,776197_ML_entry
06/03/2026 00:00:00,138,,,,,,,,,,,,,,,,,,,,,,,,,,,,11,12,,11,,12,8,,,,,,4,9,,,,,,,,,178
06/03/2026 00:05:00,119,,,,,,,,,,,,,,,,,,,,,,,,,,,,12,9,,6,,6,16,,,,,,7,9,,,,,,,,,171
06/03/2026 00:10:00,119,,,,,,,,,,,,,,,,,,,,,,,,,,,,14,8,,14,,6,8,,,,,,7,5,,,,,,,,,169
06/03/2026 00:15:00,144,,,,,,,,,,,,,,,,,,,,,,,,,,,,10,9,,16,,3,10,,,,,,11,11,,,,,,,,,165
06/03/2026 00:20:00,133,,,,,,,,,,,,,,,,,,,,,,,,,,,,11,9,,8,,9,15,,,,,,16,3,,,,,,,,,158
06/03/2026 00:25:00,102,,,,,,,,,,,,,,,,,,,,,,,,,,,,9,9,,13,,6,13,,,,,,4,5,,,,,,,,,151
06/03/2026 00:30:00,113,,,,,,,,,,,,,,,,,,,,,,,,,,,,8,12,,8,,3,11,,,,,,10,9,,,,,,,,,148
06/03/2026 00:35:00,113,,,,,,,,,,,,,,,,,,,,,,,,,,,,8,9,,11,,5,10,,,,,,13,9,,,,,,,,,141
06/03/2026 00:40:00,116,,,,,,,,,,,,,,,,,,,,,,,,,,,,10,9,,6,,6,9,,,,,,6,7,,,,,,,,,139
06/03/2026 00:45:00,130,,,,,,,,,,,,,,,,,,,,,,,,,,,,2,5,,8,,7,11,,,,,,7,2,,,,,,,,,136
06/03/2026 00:50:00,124,,,,,,,,,,,,,,,,,,,,,,,,,,,,5,3,,5,,8,10,,,,,,15,3,,,,,,,,,129
06/03/2026 00:55:00,126,,,,,,,,,,,,,,,,,,,,,,,,,,,,6,5,,6,,9,8,,,,,,8,5,,,,,,,,,121
06/03/2026 01:00:00,133,,,,,,,,,,,,,,,,,,,,,,,,,,,,5,7,,10,,8,6,,,,,,6,7,,,,,,,,,116
06/03/2026 01:05:00,124,,,,,,,,,,,,,,,,,,,,,,,,,,,,6,8,,3,,3,4,,,,,,9,10,,,,,,,,,114
06/03/2026 01:10:00,102,,,,,,,,,,,,,,,,,,,,,,,,,,,,10,6,,8,,8,14,,,,,,4,6,,,,,,,,,112
06/03/2026 01:15:00,119,,,,,,,,,,,,,,,,,,,,,,,,,,,,7,4,,2,,6,4,,,,,,4,8,,,,,,,,,108
06/03/2026 01:20:00,124,,,,,,,,,,,,,,,,,,,,,,,,,,,,5,7,,6,,2,2,,,,,,6,6,,,,,,,,,105
06/03/2026 01:25:00,126,,,,,,,,,,,,,,,,,,,,,,,,,,,,2,7,,6,,4,8,,,,,,4,4,,,,,,,,,103
06/03/2026 01:30:00,113,,,,,,,,,,,,,,,,,,,,,,,,,,,,6,4,,4,,9,5,,,,,,6,4,,,,,,,,,102
06/03/2026 01:35:00,111,,,,,,,,,,,,,,,,,,,,,,,,,,,,4,7,,7,,6,13,,,,,,8,5,,,,,,,,,101
06/03/2026 01:40:00,130,,,,,,,,,,,,,,,,,,,,,,,,,,,,2,7,,5,,3,5,,,,,,7,5,,,,,,,,,99
06/03/2026 01:45:00,113,,,,,,,,,,,,,,,,,,,,,,,,,,,,8,4,,5,,2,3,,,,,,8,4,,,,,,,,,97
06/03/2026 01:50:00,126,,,,,,,,,,,,,,,,,,,,,,,,,,,,5,6,,3,,1,10,,,,,,9,8,,,,,,,,,93
06/03/2026 01:55:00,121,,,,,,,,,,,,,,,,,,,,,,,,,,,,7,2,,5,,4,4,,,,,,3,11,,,,,,,,,90
06/03/2026 02:00:00,111,,,,,,,,,,,,,,,,,,,,,,,,,,,,7,4,,3,,2,5,,,,,,5,11,,,,,,,,,86
06/03/2026 02:05:00,103,,,,,,,,,,,,,,,,,,,,,,,,,,,,9,11,,5,,16,7,,,,,,11,3,,,,,,,,,90
06/03/2026 02:10:00,107,,,,,,,,,,,,,,,,,,,,,,,,,,,,3,3,,3,,10,5,,,,,,10,2,,,,,,,,,93
06/03/2026 02:15:00,103,,,,,,,,,,,,,,,,,,,,,,,,,,,,8,7,,4,,2,4,,,,,,7,4,,,,,,,,,93
06/03/2026 02:20:00,156,,,,,,,,,,,,,,,,,,,,,,,,,,,,3,7,,4,,3,9,,,,,,6,12,,,,,,,,,89
06/03/2026 02:25:00,124,,,,,,,,,,,,,,,,,,,,,,,,,,,,5,4,,3,,3,5,,,,,,6,7,,,,,,,,,88
06/03/2026 02:30:00,119,,,,,,,,,,,,,,,,,,,,,,,,,,,,6,6,,7,,4,3,,,,,,10,5,,,,,,,,,86
06/03/2026 02:35:00,116,,,,,,,,,,,,,,,,,,,,,,,,,,,,5,5,,5,,9,8,,,,,,9,18,,,,,,,,,87
06/03/2026 02:40:00,121,,,,,,,,,,,,,,,,,,,,,,,,,,,,4,10,,5,,5,9,,,,,,5,8,,,,,,,,,91
06/03/2026 02:45:00,111,,,,,,,,,,,,,,,,,,,,,,,,,,,,6,3,,5,,17,10,,,,,,6,15,,,,,,,,,88
06/03/2026 02:50:00,138,,,,,,,,,,,,,,,,,,,,,,,,,,,,5,5,,6,,7,5,,,,,,5,5,,,,,,,,,83
06/03/2026 02:55:00,119,,,,,,,,,,,,,,,,,,,,,,,,,,,,8,8,,4,,6,7,,,,,,7,6,,,,,,,,,79
06/03/2026 03:00:00,126,,,,,,,,,,,,,,,,,,,,,,,,,,,,9,10,,3,,7,4,,,,,,6,4,,,,,,,,,77
06/03/2026 03:05:00,111,,,,,,,,,,,,,,,,,,,,,,,,,,,,6,9,,5,,9,6,,,,,,8,1,,,,,,,,,79
06/03/2026 03:10:00,102,,,,,,,,,,,,,,,,,,,,,,,,,,,,3,6,,3,,6,5,,,,,,8,1,,,,,,,,,79
06/03/2026 03:15:00,102,,,,,,,,,,,,,,,,,,,,,,,,,,,,5,11,,5,,7,7,,,,,,11,12,,,,,,,,,86
06/03/2026 03:20:00,116,,,,,,,,,,,,,,,,,,,,,,,,,,,,6,14,,5,,9,7,,,,,,8,8,,,,,,,,,90
06/03/2026 03:25:00,97,,,,,,,,,,,,,,,,,,,,,,,,,,,,5,16,,7,,4,7,,,,,,3,7,,,,,,,,,95
06/03/2026 03:30:00,113,,,,,,,,,,,,,,,,,,,,,,,,,,,,7,15,,15,,15,6,,,,,,9,3,,,,,,,,,101
06/03/2026 03:35:00,116,,,,,,,,,,,,,,,,,,,,,,,,,,,,4,11,,9,,13,9,,,,,,19,10,,,,,,,,,106
06/03/2026 03:40:00,113,,,,,,,,,,,,,,,,,,,,,,,,,,,,4,33,,13,,16,4,,,,,,9,4,,,,,,,,,112
06/03/2026 03:45:00,126,,,,,,,,,,,,,,,,,,,,,,,,,,,,10,19,,7,,19,9,,,,,,7,10,,,,,,,,,118
06/03/2026 03:50:00,130,,,,,,,,,,,,,,,,,,,,,,,,,,,,4,17,,10,,15,10,,,,,,10,8,,,,,,,,,113
06/03/2026 03:55:00,130,,,,,,,,,,,,,,,,,,,,,,,,,,,,14,18,,11,,17,9,,,,,,9,7,,,,,,,,,112
06/03/2026 04:00:00,124,,,,,,,,,,,,,,,,,,,,,,,,,,,,8,14,,7,,18,10,,,,,,12,5,,,,,,,,,112
06/03/2026 04:05:00,126,,,,,,,,,,,,,,,,,,,,,,,,,,,,9,24,,9,,8,1,,,,,,8,8,,,,,,,,,120
06/03/2026 04:10:00,124,,,,,,,,,,,,,,,,,,,,,,,,,,,,8,19,,8,,18,5,,,,,,15,4,,,,,,,,,133
06/03/2026 04:15:00,135,,,,,,,,,,,,,,,,,,,,,,,,,,,,18,21,,16,,30,12,,,,,,10,6,,,,,,,,,148
06/03/2026 04:20:00,152,,,,,,,,,,,,,,,,,,,,,,,,,,,,14,8,,13,,30,4,,,,,,13,8,,,,,,,,,158
06/03/2026 04:25:00,130,,,,,,,,,,,,,,,,,,,,,,,,,,,,8,26,,12,,27,9,,,,,,9,4,,,,,,,,,178
06/03/2026 04:30:00,163,,,,,,,,,,,,,,,,,,,,,,,,,,,,19,34,,23,,39,6,,,,,,9,5,,,,,,,,,188
06/03/2026 04:35:00,116,,,,,,,,,,,,,,,,,,,,,,,,,,,,15,26,,12,,37,7,,,,,,10,11,,,,,,,,,214
06/03/2026 04:40:00,133,,,,,,,,,,,,,,,,,,,,,,,,,,,,23,30,,20,,52,9,,,,,,16,10,,,,,,,,,230
06/03/2026 04:45:00,124,,,,,,,,,,,,,,,,,,,,,,,,,,,,17,33,,17,,35,7,,,,,,15,13,,,,,,,,,237
06/03/2026 04:50:00,146,,,,,,,,,,,,,,,,,,,,,,,,,,,,17,23,,19,,36,8,,,,,,16,9,,,,,,,,,234
06/03/2026 04:55:00,135,,,,,,,,,,,,,,,,,,,,,,,,,,,,17,26,,18,,33,15,,,,,,11,17,,,,,,,,,230
06/03/2026 05:00:00,149,,,,,,,,,,,,,,,,,,,,,,,,,,,,15,26,,19,,32,8,,,,,,8,6,,,,,,,,,237
06/03/2026 05:05:00,156,,,,,,,,,,,,,,,,,,,,,,,,,,,,20,32,,20,,24,8,,,,,,17,7,,,,,,,,,264
06/03/2026 05:10:00,158,,,,,,,,,,,,,,,,,,,,,,,,,,,,21,44,,24,,35,17,,,,,,12,12,,,,,,,,,293
06/03/2026 05:15:00,133,,,,,,,,,,,,,,,,,,,,,,,,,,,,28,33,,22,,37,11,,,,,,13,12,,,,,,,,,324
06/03/2026 05:20:00,152,,,,,,,,,,,,,,,,,,,,,,,,,,,,31,58,,30,,38,15,,,,,,18,10,,,,,,,,,350
06/03/2026 05:25:00,160,,,,,,,,,,,,,,,,,,,,,,,,,,,,31,45,,36,,34,13,,,,,,23,11,,,,,,,,,384
06/03/2026 05:30:00,158,,,,,,,,,,,,,,,,,,,,,,,,,,,,24,59,,25,,42,6,,,,,,22,8,,,,,,,,,410
06/03/2026 05:35:00,169,,,,,,,,,,,,,,,,,,,,,,,,,,,,27,65,,29,,45,15,,,,,,14,6,,,,,,,,,441
06/03/2026 05:40:00,200,,,,,,,,,,,,,,,,,,,,,,,,,,,,30,69,,43,,41,13,,,,,,21,15,,,,,,,,,461
06/03/2026 05:45:00,194,,,,,,,,,,,,,,,,,,,,,,,,,,,,28,62,,23,,48,12,,,,,,18,23,,,,,,,,,475
06/03/2026 05:50:00,206,,,,,,,,,,,,,,,,,,,,,,,,,,,,35,58,,32,,28,23,,,,,,13,19,,,,,,,,,471
06/03/2026 05:55:00,169,,,,,,,,,,,,,,,,,,,,,,,,,,,,28,53,,35,,33,8,,,,,,23,14,,,,,,,,,456
06/03/2026 06:00:00,194,,,,,,,,,,,,,,,,,,,,,,,,,,,,26,27,,25,,32,13,,,,,,29,19,,,,,,,,,452
06/03/2026 06:05:00,179,,,,,,,,,,,,,,,,,,,,,,,,,,,,38,47,,47,,30,17,,,,,,24,14,,,,,,,,,459
06/03/2026 06:10:00,185,,,,,,,,,,,,,,,,,,,,,,,,,,,,39,46,,36,,38,24,,,,,,25,11,,,,,,,,,481
06/03/2026 06:15:00,219,,,,,,,,,,,,,,,,,,,,,,,,,,,,35,64,,28,,41,14,,,,,,19,17,,,,,,,,,494
06/03/2026 06:20:00,254,,,,,,,,,,,,,,,,,,,,,,,,,,,,29,40,,29,,38,28,,,,,,29,24,,,,,,,,,504
06/03/2026 06:25:00,266,,,,,,,,,,,,,,,,,,,,,,,,,,,,23,51,,31,,48,21,,,,,,36,9,,,,,,,,,510
06/03/2026 06:30:00,266,,,,,,,,,,,,,,,,,,,,,,,,,,,,34,49,,44,,47,14,,,,,,35,9,,,,,,,,,517
06/03/2026 06:35:00,293,,,,,,,,,,,,,,,,,,,,,,,,,,,,30,53,,36,,38,32,,,,,,23,15,,,,,,,,,517
06/03/2026 06:40:00,289,,,,,,,,,,,,,,,,,,,,,,,,,,,,41,68,,49,,43,21,,,,,,23,21,,,,,,,,,501
06/03/2026 06:45:00,284,,,,,,,,,,,,,,,,,,,,,,,,,,,,36,58,,38,,43,22,,,,,,30,16,,,,,,,,,494
06/03/2026 06:50:00,275,,,,,,,,,,,,,,,,,,,,,,,,,,,,37,41,,46,,41,35,,,,,,30,14,,,,,,,,,484
06/03/2026 06:55:00,275,,,,,,,,,,,,,,,,,,,,,,,,,,,,34,46,,48,,35,25,,,,,,23,25,,,,,,,,,478
06/03/2026 07:00:00,265,,,,,,,,,,,,,,,,,,,,,,,,,,,,45,46,,34,,38,27,,,,,,33,15,,,,,,,,,478
06/03/2026 07:05:00,281,,,,,,,,,,,,,,,,,,,,,,,,,,,,37,48,,49,,37,30,,,,,,18,25,,,,,,,,,481
06/03/2026 07:10:00,297,,,,,,,,,,,,,,,,,,,,,,,,,,,,31,31,,45,,38,41,,,,,,44,21,,,,,,,,,489
06/03/2026 07:15:00,341,,,,,,,,,,,,,,,,,,,,,,,,,,,,40,74,,29,,40,22,,,,,,26,13,,,,,,,,,489
06/03/2026 07:20:00,342,,,,,,,,,,,,,,,,,,,,,,,,,,,,41,39,,49,,39,22,,,,,,18,8,,,,,,,,,492
06/03/2026 07:25:00,275,,,,,,,,,,,,,,,,,,,,,,,,,,,,37,68,,36,,39,27,,,,,,39,19,,,,,,,,,489
06/03/2026 07:30:00,284,,,,,,,,,,,,,,,,,,,,,,,,,,,,41,52,,54,,35,29,,,,,,19,17,,,,,,,,,489
06/03/2026 07:35:00,346,,,,,,,,,,,,,,,,,,,,,,,,,,,,42,56,,46,,37,36,,,,,,26,10,,,,,,,,,496
06/03/2026 07:40:00,360,,,,,,,,,,,,,,,,,,,,,,,,,,,,47,50,,52,,49,29,,,,,,24,28,,,,,,,,,492
06/03/2026 07:45:00,312,,,,,,,,,,,,,,,,,,,,,,,,,,,,30,58,,36,,39,20,,,,,,23,24,,,,,,,,,489
06/03/2026 07:50:00,284,,,,,,,,,,,,,,,,,,,,,,,,,,,,48,49,,62,,36,29,,,,,,20,19,,,,,,,,,478
06/03/2026 07:55:00,284,,,,,,,,,,,,,,,,,,,,,,,,,,,,46,43,,51,,34,35,,,,,,14,19,,,,,,,,,475
06/03/2026 08:00:00,247,,,,,,,,,,,,,,,,,,,,,,,,,,,,41,48,,34,,42,40,,,,,,19,22,,,,,,,,,475
06/03/2026 08:05:00,297,,,,,,,,,,,,,,,,,,,,,,,,,,,,42,50,,33,,38,33,,,,,,32,30,,,,,,,,,480
06/03/2026 08:10:00,270,,,,,,,,,,,,,,,,,,,,,,,,,,,,36,50,,49,,44,37,,,,,,22,21,,,,,,,,,478
06/03/2026 08:15:00,281,,,,,,,,,,,,,,,,,,,,,,,,,,,,48,51,,30,,31,36,,,,,,20,18,,,,,,,,,475
06/03/2026 08:20:00,275,,,,,,,,,,,,,,,,,,,,,,,,,,,,42,53,,42,,38,28,,,,,,21,28,,,,,,,,,468
06/03/2026 08:25:00,274,,,,,,,,,,,,,,,,,,,,,,,,,,,,33,56,,43,,38,27,,,,,,19,18,,,,,,,,,468
06/03/2026 08:30:00,261,,,,,,,,,,,,,,,,,,,,,,,,,,,,35,45,,37,,36,44,,,,,,13,24,,,,,,,,,464
06/03/2026 08:35:00,251,,,,,,,,,,,,,,,,,,,,,,,,,,,,39,46,,43,,34,34,,,,,,22,21,,,,,,,,,469
06/03/2026 08:40:00,244,,,,,,,,,,,,,,,,,,,,,,,,,,,,39,48,,39,,43,36,,,,,,29,20,,,,,,,,,466
06/03/2026 08:45:00,278,,,,,,,,,,,,,,,,,,,,,,,,,,,,23,37,,31,,23,46,,,,,,18,18,,,,,,,,,466
06/03/2026 08:50:00,219,,,,,,,,,,,,,,,,,,,,,,,,,,,,38,44,,33,,0,27,,,,,,27,14,,,,,,,,,459
06/03/2026 08:55:00,244,,,,,,,,,,,,,,,,,,,,,,,,,,,,31,35,,32,,3,38,,,,,,25,18,,,,,,,,,452
06/03/2026 09:00:00,251,,,,,,,,,,,,,,,,,,,,,,,,,,,,29,40,,47,,1,32,,,,,,23,13,,,,,,,,,449
06/03/2026 09:05:00,259,,,,,,,,,,,,,,,,,,,,,,,,,,,,21,41,,41,,0,23,,,,,,20,23,,,,,,,,,448
06/03/2026 09:10:00,233,,,,,,,,,,,,,,,,,,,,,,,,,,,,25,45,,49,,0,30,,,,,,19,23,,,,,,,,,449
06/03/2026 09:15:00,254,,,,,,,,,,,,,,,,,,,,,,,,,,,,31,45,,31,,0,31,,,,,,25,15,,,,,,,,,457
06/03/2026 09:20:00,251,,,,,,,,,,,,,,,,,,,,,,,,,,,,40,36,,47,,0,34,,,,,,36,15,,,,,,,,,456
06/03/2026 09:25:00,242,,,,,,,,,,,,,,,,,,,,,,,,,,,,31,45,,31,,0,25,,,,,,24,21,,,,,,,,,459
06/03/2026 09:30:00,247,,,,,,,,,,,,,,,,,,,,,,,,,,,,43,47,,47,,0,21,,,,,,35,23,,,,,,,,,456
06/03/2026 09:35:00,228,,,,,,,,,,,,,,,,,,,,,,,,,,,,40,52,,42,,0,33,,,,,,30,13,,,,,,,,,461
06/03/2026 09:40:00,261,,,,,,,,,,,,,,,,,,,,,,,,,,,,24,38,,40,,0,26,,,,,,22,21,,,,,,,,,463
06/03/2026 09:45:00,256,,,,,,,,,,,,,,,,,,,,,,,,,,,,30,40,,56,,0,31,,,,,,32,14,,,,,,,,,455
06/03/2026 09:50:00,256,,,,,,,,,,,,,,,,,,,,,,,,,,,,27,50,,44,,0,41,,,,,,30,24,,,,,,,,,457
06/03/2026 09:55:00,217,,,,,,,,,,,,,,,,,,,,,,,,,,,,28,40,,42,,0,34,,,,,,19,15,,,,,,,,,452
06/03/2026 10:00:00,233,,,,,,,,,,,,,,,,,,,,,,,,,,,,28,46,,36,,0,28,,,,,,18,15,,,,,,,,,449
06/03/2026 10:05:00,242,,,,,,,,,,,,,,,,,,,,,,,,,,,,34,43,,41,,0,40,,,,,,29,13,,,,,,,,,452
06/03/2026 10:10:00,217,,,,,,,,,,,,,,,,,,,,,,,,,,,,24,31,,26,,0,33,,,,,,19,14,,,,,,,,,452
06/03/2026 10:15:00,239,,,,,,,,,,,,,,,,,,,,,,,,,,,,33,37,,39,,0,28,,,,,,30,12,,,,,,,,,459
06/03/2026 10:20:00,261,,,,,,,,,,,,,,,,,,,,,,,,,,,,41,44,,33,,0,25,,,,,,25,27,,,,,,,,,459
06/03/2026 10:25:00,219,,,,,,,,,,,,,,,,,,,,,,,,,,,,25,60,,44,,0,32,,,,,,18,18,,,,,,,,,456
06/03/2026 10:30:00,233,,,,,,,,,,,,,,,,,,,,,,,,,,,,35,47,,40,,0,41,,,,,,25,22,,,,,,,,,461
06/03/2026 10:35:00,214,,,,,,,,,,,,,,,,,,,,,,,,,,,,26,49,,39,,0,51,,,,,,27,15,,,,,,,,,459
06/03/2026 10:40:00,233,,,,,,,,,,,,,,,,,,,,,,,,,,,,46,45,,32,,0,59,,,,,,31,18,,,,,,,,,457
06/03/2026 10:45:00,214,,,,,,,,,,,,,,,,,,,,,,,,,,,,35,45,,51,,0,52,,,,,,27,14,,,,,,,,,456
06/03/2026 10:50:00,254,,,,,,,,,,,,,,,,,,,,,,,,,,,,34,43,,45,,1,44,,,,,,22,14,,,,,,,,,455
06/03/2026 10:55:00,244,,,,,,,,,,,,,,,,,,,,,,,,,,,,31,41,,40,,0,30,,,,,,32,15,,,,,,,,,452
06/03/2026 11:00:00,222,,,,,,,,,,,,,,,,,,,,,,,,,,,,40,28,,41,,0,34,,,,,,30,21,,,,,,,,,452
06/03/2026 11:05:00,239,,,,,,,,,,,,,,,,,,,,,,,,,,,,28,42,,42,,0,30,,,,,,27,13,,,,,,,,,457
06/03/2026 11:10:00,225,,,,,,,,,,,,,,,,,,,,,,,,,,,,33,32,,40,,0,28,,,,,,40,14,,,,,,,,,463
06/03/2026 11:15:00,225,,,,,,,,,,,,,,,,,,,,,,,,,,,,31,46,,52,,0,32,,,,,,33,15,,,,,,,,,461
06/03/2026 11:20:00,211,,,,,,,,,,,,,,,,,,,,,,,,,,,,25,36,,42,,0,23,,,,,,21,16,,,,,,,,,464
06/03/2026 11:25:00,237,,,,,,,,,,,,,,,,,,,,,,,,,,,,37,47,,47,,0,38,,,,,,28,12,,,,,,,,,464
06/03/2026 11:30:00,242,,,,,,,,,,,,,,,,,,,,,,,,,,,,36,40,,42,,0,27,,,,,,28,9,,,,,,,,,466
06/03/2026 11:35:00,231,,,,,,,,,,,,,,,,,,,,,,,,,,,,50,54,,33,,0,28,,,,,,40,7,,,,,,,,,471
06/03/2026 11:40:00,254,,,,,,,,,,,,,,,,,,,,,,,,,,,,23,48,,44,,1,37,,,,,,28,9,,,,,,,,,487
06/03/2026 11:45:00,247,,,,,,,,,,,,,,,,,,,,,,,,,,,,41,42,,31,,0,34,,,,,,24,13,,,,,,,,,480
06/03/2026 11:50:00,225,,,,,,,,,,,,,,,,,,,,,,,,,,,,29,54,,46,,0,27,,,,,,24,14,,,,,,,,,484
06/03/2026 11:55:00,214,,,,,,,,,,,,,,,,,,,,,,,,,,,,41,59,,39,,0,27,,,,,,29,11,,,,,,,,,478
06/03/2026 12:00:00,225,,,,,,,,,,,,,,,,,,,,,,,,,,,,39,68,,41,,1,31,,,,,,34,6,,,,,,,,,491
06/03/2026 12:05:00,219,,,,,,,,,,,,,,,,,,,,,,,,,,,,39,48,,42,,0,37,,,,,,32,13,,,,,,,,,494
06/03/2026 12:10:00,222,,,,,,,,,,,,,,,,,,,,,,,,,,,,41,34,,55,,2,38,,,,,,60,14,,,,,,,,,485
06/03/2026 12:15:00,242,,,,,,,,,,,,,,,,,,,,,,,,,,,,37,46,,40,,0,35,,,,,,40,13,,,,,,,,,498
06/03/2026 12:20:00,251,,,,,,,,,,,,,,,,,,,,,,,,,,,,30,56,,45,,0,35,,,,,,54,17,,,,,,,,,498
06/03/2026 12:25:00,247,,,,,,,,,,,,,,,,,,,,,,,,,,,,52,39,,40,,0,47,,,,,,36,18,,,,,,,,,489
06/03/2026 12:30:00,251,,,,,,,,,,,,,,,,,,,,,,,,,,,,37,48,,52,,15,51,,,,,,40,13,,,,,,,,,487
06/03/2026 12:35:00,219,,,,,,,,,,,,,,,,,,,,,,,,,,,,37,55,,47,,24,55,,,,,,49,10,,,,,,,,,492
06/03/2026 12:40:00,231,,,,,,,,,,,,,,,,,,,,,,,,,,,,37,52,,57,,28,61,,,,,,52,11,,,,,,,,,496
06/03/2026 12:45:00,231,,,,,,,,,,,,,,,,,,,,,,,,,,,,38,55,,41,,31,52,,,,,,47,19,,,,,,,,,498
06/03/2026 12:50:00,244,,,,,,,,,,,,,,,,,,,,,,,,,,,,38,47,,39,,24,41,,,,,,26,15,,,,,,,,,491
06/03/2026 12:55:00,259,,,,,,,,,,,,,,,,,,,,,,,,,,,,42,34,,35,,22,38,,,,,,35,13,,,,,,,,,478
06/03/2026 13:00:00,219,,,,,,,,,,,,,,,,,,,,,,,,,,,,40,45,,56,,25,44,,,,,,45,21,,,,,,,,,471
06/03/2026 13:05:00,251,,,,,,,,,,,,,,,,,,,,,,,,,,,,42,38,,32,,30,33,,,,,,30,14,,,,,,,,,491
06/03/2026 13:10:00,278,,,,,,,,,,,,,,,,,,,,,,,,,,,,40,47,,52,,37,31,,,,,,37,17,,,,,,,,,479
06/03/2026 13:15:00,233,,,,,,,,,,,,,,,,,,,,,,,,,,,,32,40,,36,,26,44,,,,,,33,10,,,,,,,,,481
06/03/2026 13:20:00,237,,,,,,,,,,,,,,,,,,,,,,,,,,,,48,38,,56,,25,43,,,,,,32,13,,,,,,,,,484
06/03/2026 13:25:00,254,,,,,,,,,,,,,,,,,,,,,,,,,,,,34,51,,43,,31,45,,,,,,47,18,,,,,,,,,481
06/03/2026 13:30:00,242,,,,,,,,,,,,,,,,,,,,,,,,,,,,31,53,,39,,27,39,,,,,,40,11,,,,,,,,,481
06/03/2026 13:35:00,362,,,,,,,,,,,,,,,,,,,,,,,,,,,,73,43,,23,,20,53,,,,,,17,20,,,,,,,,,484
06/03/2026 13:40:00,233,,,,,,,,,,,,,,,,,,,,,,,,,,,,52,59,,53,,32,34,,,,,,49,18,,,,,,,,,489
06/03/2026 13:45:00,222,,,,,,,,,,,,,,,,,,,,,,,,,,,,51,57,,31,,30,40,,,,,,51,15,,,,,,,,,487
06/03/2026 13:50:00,225,,,,,,,,,,,,,,,,,,,,,,,,,,,,40,54,,53,,40,37,,,,,,48,11,,,,,,,,,487
06/03/2026 13:55:00,211,,,,,,,,,,,,,,,,,,,,,,,,,,,,43,32,,48,,21,42,,,,,,33,25,,,,,,,,,482
06/03/2026 14:00:00,256,,,,,,,,,,,,,,,,,,,,,,,,,,,,47,30,,52,,30,35,,,,,,36,16,,,,,,,,,486
06/03/2026 14:05:00,251,,,,,,,,,,,,,,,,,,,,,,,,,,,,41,41,,50,,35,36,,,,,,24,8,,,,,,,,,482
06/03/2026 14:10:00,261,,,,,,,,,,,,,,,,,,,,,,,,,,,,51,43,,56,,29,30,,,,,,55,18,,,,,,,,,489
06/03/2026 14:15:00,217,,,,,,,,,,,,,,,,,,,,,,,,,,,,29,50,,32,,31,54,,,,,,44,18,,,,,,,,,492
06/03/2026 14:20:00,231,,,,,,,,,,,,,,,,,,,,,,,,,,,,61,37,,40,,33,30,,,,,,38,8,,,,,,,,,491
06/03/2026 14:25:00,247,,,,,,,,,,,,,,,,,,,,,,,,,,,,45,41,,30,,28,52,,,,,,46,17,,,,,,,,,487
06/03/2026 14:30:00,266,,,,,,,,,,,,,,,,,,,,,,,,,,,,42,42,,34,,17,47,,,,,,43,9,,,,,,,,,487
06/03/2026 14:35:00,231,,,,,,,,,,,,,,,,,,,,,,,,,,,,45,36,,32,,27,29,,,,,,37,17,,,,,,,,,491
06/03/2026 14:40:00,278,,,,,,,,,,,,,,,,,,,,,,,,,,,,52,53,,41,,33,41,,,,,,66,14,,,,,,,,,501
06/03/2026 14:45:00,233,,,,,,,,,,,,,,,,,,,,,,,,,,,,37,38,,46,,29,61,,,,,,45,6,,,,,,,,,498
06/03/2026 14:50:00,239,,,,,,,,,,,,,,,,,,,,,,,,,,,,49,30,,37,,30,44,,,,,,52,20,,,,,,,,,491
06/03/2026 14:55:00,247,,,,,,,,,,,,,,,,,,,,,,,,,,,,45,31,,39,,23,53,,,,,,34,12,,,,,,,,,486
06/03/2026 15:00:00,208,,,,,,,,,,,,,,,,,,,,,,,,,,,,42,35,,37,,27,43,,,,,,45,10,,,,,,,,,482
06/03/2026 15:05:00,231,,,,,,,,,,,,,,,,,,,,,,,,,,,,43,26,,27,,29,48,,,,,,52,10,,,,,,,,,482
06/03/2026 15:10:00,266,,,,,,,,,,,,,,,,,,,,,,,,,,,,38,29,,34,,29,26,,,,,,39,21,,,,,,,,,489
06/03/2026 15:15:00,217,,,,,,,,,,,,,,,,,,,,,,,,,,,,42,29,,29,,30,37,,,,,,46,18,,,,,,,,,485
06/03/2026 15:20:00,160,,,,,,,,,,,,,,,,,,,,,,,,,,,,36,37,,39,,30,37,,,,,,38,10,,,,,,,,,482
06/03/2026 15:25:00,166,,,,,,,,,,,,,,,,,,,,,,,,,,,,32,40,,32,,22,18,,,,,,31,17,,,,,,,,,475
06/03/2026 15:30:00,156,,,,,,,,,,,,,,,,,,,,,,,,,,,,42,38,,40,,28,32,,,,,,32,11,,,,,,,,,472
06/03/2026 15:35:00,124,,,,,,,,,,,,,,,,,,,,,,,,,,,,47,36,,37,,27,31,,,,,,35,13,,,,,,,,,475
06/03/2026 15:40:00,93,,,,,,,,,,,,,,,,,,,,,,,,,,,,33,36,,53,,24,31,,,,,,54,13,,,,,,,,,469
06/03/2026 15:45:00,82,,,,,,,,,,,,,,,,,,,,,,,,,,,,45,41,,30,,19,39,,,,,,49,11,,,,,,,,,468
06/03/2026 15:50:00,82,,,,,,,,,,,,,,,,,,,,,,,,,,,,42,46,,44,,23,39,,,,,,39,17,,,,,,,,,456
06/03/2026 15:55:00,82,,,,,,,,,,,,,,,,,,,,,,,,,,,,42,35,,46,,26,28,,,,,,37,15,,,,,,,,,457
06/03/2026 16:00:00,82,,,,,,,,,,,,,,,,,,,,,,,,,,,,37,46,,50,,28,32,,,,,,38,14,,,,,,,,,457
06/03/2026 16:05:00,82,,,,,,,,,,,,,,,,,,,,,,,,,,,,38,40,,42,,37,26,,,,,,50,7,,,,,,,,,452
06/03/2026 16:10:00,82,,,,,,,,,,,,,,,,,,,,,,,,,,,,41,51,,64,,30,37,,,,,,75,7,,,,,,,,,452
06/03/2026 16:15:00,82,,,,,,,,,,,,,,,,,,,,,,,,,,,,27,35,,41,,34,40,,,,,,63,6,,,,,,,,,449
06/03/2026 16:20:00,82,,,,,,,,,,,,,,,,,,,,,,,,,,,,28,52,,59,,29,37,,,,,,53,8,,,,,,,,,448
06/03/2026 16:25:00,82,,,,,,,,,,,,,,,,,,,,,,,,,,,,48,53,,46,,36,44,,,,,,55,4,,,,,,,,,445
06/03/2026 16:30:00,82,,,,,,,,,,,,,,,,,,,,,,,,,,,,42,46,,49,,36,40,,,,,,73,7,,,,,,,,,440
06/03/2026 16:35:00,82,,,,,,,,,,,,,,,,,,,,,,,,,,,,51,51,,39,,30,52,,,,,,76,2,,,,,,,,,452
06/03/2026 16:40:00,82,,,,,,,,,,,,,,,,,,,,,,,,,,,,56,41,,45,,35,59,,,,,,73,3,,,,,,,,,448
06/03/2026 16:45:00,82,,,,,,,,,,,,,,,,,,,,,,,,,,,,39,48,,43,,33,36,,,,,,80,5,,,,,,,,,462
06/03/2026 16:50:00,82,,,,,,,,,,,,,,,,,,,,,,,,,,,,37,16,,56,,31,42,,,,,,71,3,,,,,,,,,464
06/03/2026 16:55:00,82,,,,,,,,,,,,,,,,,,,,,,,,,,,,34,38,,46,,30,38,,,,,,78,7,,,,,,,,,438
06/03/2026 17:00:00,82,,,,,,,,,,,,,,,,,,,,,,,,,,,,49,31,,53,,26,30,,,,,,76,6,,,,,,,,,443
06/03/2026 17:05:00,82,,,,,,,,,,,,,,,,,,,,,,,,,,,,43,45,,37,,32,43,,,,,,80,6,,,,,,,,,449
06/03/2026 17:10:00,82,,,,,,,,,,,,,,,,,,,,,,,,,,,,36,45,,69,,32,31,,,,,,79,2,,,,,,,,,469
06/03/2026 17:15:00,82,,,,,,,,,,,,,,,,,,,,,,,,,,,,26,59,,42,,29,44,,,,,,60,6,,,,,,,,,472
06/03/2026 17:20:00,82,,,,,,,,,,,,,,,,,,,,,,,,,,,,49,31,,50,,36,34,,,,,,68,8,,,,,,,,,442
06/03/2026 17:25:00,82,,,,,,,,,,,,,,,,,,,,,,,,,,,,33,33,,50,,30,39,,,,,,79,5,,,,,,,,,425
06/03/2026 17:30:00,82,,,,,,,,,,,,,,,,,,,,,,,,,,,,46,45,,55,,42,47,,,,,,73,5,,,,,,,,,463
06/03/2026 17:35:00,82,,,,,,,,,,,,,,,,,,,,,,,,,,,,38,37,,48,,32,34,,,,,,69,3,,,,,,,,,426
06/03/2026 17:40:00,82,,,,,,,,,,,,,,,,,,,,,,,,,,,,29,54,,44,,33,27,,,,,,80,7,,,,,,,,,457
06/03/2026 17:45:00,82,,,,,,,,,,,,,,,,,,,,,,,,,,,,39,36,,44,,30,34,,,,,,55,2,,,,,,,,,461
06/03/2026 17:50:00,82,,,,,,,,,,,,,,,,,,,,,,,,,,,,31,36,,41,,39,46,,,,,,52,7,,,,,,,,,449
06/03/2026 17:55:00,82,,,,,,,,,,,,,,,,,,,,,,,,,,,,34,23,,42,,37,48,,,,,,61,6,,,,,,,,,440
06/03/2026 18:00:00,82,,,,,,,,,,,,,,,,,,,,,,,,,,,,46,37,,45,,40,29,,,,,,56,7,,,,,,,,,429
06/03/2026 18:05:00,82,,,,,,,,,,,,,,,,,,,,,,,,,,,,35,41,,45,,31,47,,,,,,81,9,,,,,,,,,445
06/03/2026 18:10:00,82,,,,,,,,,,,,,,,,,,,,,,,,,,,,41,34,,46,,26,43,,,,,,68,4,,,,,,,,,441
06/03/2026 18:15:00,82,,,,,,,,,,,,,,,,,,,,,,,,,,,,32,34,,40,,27,48,,,,,,67,9,,,,,,,,,452
06/03/2026 18:20:00,82,,,,,,,,,,,,,,,,,,,,,,,,,,,,31,40,,54,,25,34,,,,,,44,9,,,,,,,,,449
06/03/2026 18:25:00,82,,,,,,,,,,,,,,,,,,,,,,,,,,,,29,50,,36,,33,53,,,,,,44,14,,,,,,,,,454
06/03/2026 18:30:00,82,,,,,,,,,,,,,,,,,,,,,,,,,,,,36,48,,50,,27,41,,,,,,27,7,,,,,,,,,459
06/03/2026 18:35:00,82,,,,,,,,,,,,,,,,,,,,,,,,,,,,45,37,,34,,28,29,,,,,,30,7,,,,,,,,,455
06/03/2026 18:40:00,82,,,,,,,,,,,,,,,,,,,,,,,,,,,,27,45,,51,,30,34,,,,,,26,10,,,,,,,,,459
06/03/2026 18:45:00,82,,,,,,,,,,,,,,,,,,,,,,,,,,,,40,41,,38,,33,47,,,,,,26,5,,,,,,,,,468
06/03/2026 18:50:00,82,,,,,,,,,,,,,,,,,,,,,,,,,,,,32,45,,31,,34,50,,,,,,27,5,,,,,,,,,466
06/03/2026 18:55:00,82,,,,,,,,,,,,,,,,,,,,,,,,,,,,40,45,,31,,30,44,,,,,,28,10,,,,,,,,,466
06/03/2026 19:00:00,82,,,,,,,,,,,,,,,,,,,,,,,,,,,,18,17,,40,,36,37,,,,,,16,13,,,,,,,,,463
06/03/2026 19:05:00,82,,,,,,,,,,,,,,,,,,,,,,,,,,,,32,27,,36,,32,50,,,,,,29,19,,,,,,,,,475
06/03/2026 19:10:00,82,,,,,,,,,,,,,,,,,,,,,,,,,,,,32,58,,36,,29,39,,,,,,13,15,,,,,,,,,487
06/03/2026 19:15:00,82,,,,,,,,,,,,,,,,,,,,,,,,,,,,33,49,,43,,35,57,,,,,,27,12,,,,,,,,,489
06/03/2026 19:20:00,82,,,,,,,,,,,,,,,,,,,,,,,,,,,,35,43,,42,,31,52,,,,,,18,8,,,,,,,,,487
06/03/2026 19:25:00,82,,,,,,,,,,,,,,,,,,,,,,,,,,,,30,42,,25,,31,45,,,,,,25,9,,,,,,,,,487
06/03/2026 19:30:00,82,,,,,,,,,,,,,,,,,,,,,,,,,,,,31,29,,25,,41,50,,,,,,27,12,,,,,,,,,473
06/03/2026 19:35:00,82,,,,,,,,,,,,,,,,,,,,,,,,,,,,35,35,,23,,29,41,,,,,,15,4,,,,,,,,,468
06/03/2026 19:40:00,90,,,,,,,,,,,,,,,,,,,,,,,,,,,,29,47,,26,,38,40,,,,,,25,17,,,,,,,,,466
06/03/2026 19:45:00,126,,,,,,,,,,,,,,,,,,,,,,,,,,,,37,48,,41,,41,38,,,,,,16,12,,,,,,,,,461
06/03/2026 19:50:00,211,,,,,,,,,,,,,,,,,,,,,,,,,,,,33,35,,36,,31,53,,,,,,24,9,,,,,,,,,456
06/03/2026 19:55:00,189,,,,,,,,,,,,,,,,,,,,,,,,,,,,43,33,,33,,33,38,,,,,,15,9,,,,,,,,,445
06/03/2026 20:00:00,214,,,,,,,,,,,,,,,,,,,,,,,,,,,,32,57,,43,,31,30,,,,,,31,9,,,,,,,,,438
06/03/2026 20:05:00,194,,,,,,,,,,,,,,,,,,,,,,,,,,,,29,42,,53,,28,35,,,,,,26,9,,,,,,,,,438
06/03/2026 20:10:00,194,,,,,,,,,,,,,,,,,,,,,,,,,,,,30,34,,33,,34,45,,,,,,17,6,,,,,,,,,436
06/03/2026 20:15:00,175,,,,,,,,,,,,,,,,,,,,,,,,,,,,31,38,,31,,39,35,,,,,,28,8,,,,,,,,,436
06/03/2026 20:20:00,185,,,,,,,,,,,,,,,,,,,,,,,,,,,,36,31,,44,,38,33,,,,,,23,7,,,,,,,,,436
06/03/2026 20:25:00,206,,,,,,,,,,,,,,,,,,,,,,,,,,,,39,36,,40,,45,37,,,,,,9,7,,,,,,,,,429
06/03/2026 20:30:00,198,,,,,,,,,,,,,,,,,,,,,,,,,,,,30,37,,38,,36,40,,,,,,31,8,,,,,,,,,431
06/03/2026 20:35:00,202,,,,,,,,,,,,,,,,,,,,,,,,,,,,27,28,,41,,57,59,,,,,,13,10,,,,,,,,,426
06/03/2026 20:40:00,214,,,,,,,,,,,,,,,,,,,,,,,,,,,,36,35,,28,,35,56,,,,,,20,8,,,,,,,,,426
06/03/2026 20:45:00,183,,,,,,,,,,,,,,,,,,,,,,,,,,,,33,17,,39,,29,74,,,,,,16,22,,,,,,,,,424
06/03/2026 20:50:00,171,,,,,,,,,,,,,,,,,,,,,,,,,,,,21,43,,29,,39,76,,,,,,20,15,,,,,,,,,422
06/03/2026 20:55:00,169,,,,,,,,,,,,,,,,,,,,,,,,,,,,30,25,,37,,31,76,,,,,,13,13,,,,,,,,,418
06/03/2026 21:00:00,163,,,,,,,,,,,,,,,,,,,,,,,,,,,,33,31,,30,,27,73,,,,,,24,8,,,,,,,,,408
06/03/2026 21:05:00,185,,,,,,,,,,,,,,,,,,,,,,,,,,,,30,25,,27,,32,71,,,,,,31,9,,,,,,,,,413
06/03/2026 21:10:00,198,,,,,,,,,,,,,,,,,,,,,,,,,,,,33,36,,45,,40,73,,,,,,29,10,,,,,,,,,419
06/03/2026 21:15:00,185,,,,,,,,,,,,,,,,,,,,,,,,,,,,34,33,,44,,38,59,,,,,,23,7,,,,,,,,,426
06/03/2026 21:20:00,189,,,,,,,,,,,,,,,,,,,,,,,,,,,,35,36,,56,,28,54,,,,,,23,13,,,,,,,,,429
06/03/2026 21:25:00,200,,,,,,,,,,,,,,,,,,,,,,,,,,,,31,30,,39,,29,41,,,,,,14,11,,,,,,,,,425
06/03/2026 21:30:00,179,,,,,,,,,,,,,,,,,,,,,,,,,,,,33,20,,34,,28,42,,,,,,16,8,,,,,,,,,416
06/03/2026 21:35:00,158,,,,,,,,,,,,,,,,,,,,,,,,,,,,27,41,,30,,48,36,,,,,,16,6,,,,,,,,,410
06/03/2026 21:40:00,163,,,,,,,,,,,,,,,,,,,,,,,,,,,,24,26,,33,,31,37,,,,,,14,12,,,,,,,,,406
06/03/2026 21:45:00,214,,,,,,,,,,,,,,,,,,,,,,,,,,,,28,27,,39,,17,34,,,,,,19,5,,,,,,,,,402
06/03/2026 21:50:00,185,,,,,,,,,,,,,,,,,,,,,,,,,,,,28,25,,34,,26,35,,,,,,14,19,,,,,,,,,395
06/03/2026 21:55:00,206,,,,,,,,,,,,,,,,,,,,,,,,,,,,21,31,,37,,28,33,,,,,,17,10,,,,,,,,,383
06/03/2026 22:00:00,183,,,,,,,,,,,,,,,,,,,,,,,,,,,,27,24,,27,,27,40,,,,,,23,7,,,,,,,,,375
06/03/2026 22:05:00,171,,,,,,,,,,,,,,,,,,,,,,,,,,,,34,27,,36,,18,35,,,,,,13,10,,,,,,,,,376
06/03/2026 22:10:00,192,,,,,,,,,,,,,,,,,,,,,,,,,,,,31,29,,33,,25,40,,,,,,17,12,,,,,,,,,372
06/03/2026 22:15:00,179,,,,,,,,,,,,,,,,,,,,,,,,,,,,27,25,,34,,17,36,,,,,,19,16,,,,,,,,,376
06/03/2026 22:20:00,179,,,,,,,,,,,,,,,,,,,,,,,,,,,,26,34,,23,,15,24,,,,,,19,17,,,,,,,,,362
06/03/2026 22:25:00,179,,,,,,,,,,,,,,,,,,,,,,,,,,,,31,33,,31,,20,33,,,,,,15,8,,,,,,,,,357
06/03/2026 22:30:00,169,,,,,,,,,,,,,,,,,,,,,,,,,,,,29,32,,28,,33,27,,,,,,13,7,,,,,,,,,352
06/03/2026 22:35:00,175,,,,,,,,,,,,,,,,,,,,,,,,,,,,20,27,,23,,19,33,,,,,,17,7,,,,,,,,,348
06/03/2026 22:40:00,179,,,,,,,,,,,,,,,,,,,,,,,,,,,,24,25,,21,,20,29,,,,,,21,11,,,,,,,,,342
06/03/2026 22:45:00,156,,,,,,,,,,,,,,,,,,,,,,,,,,,,18,22,,21,,20,21,,,,,,16,8,,,,,,,,,327
06/03/2026 22:50:00,185,,,,,,,,,,,,,,,,,,,,,,,,,,,,8,18,,26,,14,33,,,,,,7,6,,,,,,,,,313
06/03/2026 22:55:00,116,,,,,,,,,,,,,,,,,,,,,,,,,,,,26,30,,27,,13,27,,,,,,19,4,,,,,,,,,299
06/03/2026 23:00:00,158,,,,,,,,,,,,,,,,,,,,,,,,,,,,15,18,,23,,16,22,,,,,,7,8,,,,,,,,,283
06/03/2026 23:05:00,140,,,,,,,,,,,,,,,,,,,,,,,,,,,,22,22,,18,,10,19,,,,,,12,8,,,,,,,,,276
06/03/2026 23:10:00,158,,,,,,,,,,,,,,,,,,,,,,,,,,,,22,19,,16,,14,29,,,,,,20,7,,,,,,,,,263
06/03/2026 23:15:00,138,,,,,,,,,,,,,,,,,,,,,,,,,,,,17,18,,18,,19,18,,,,,,12,12,,,,,,,,,260
06/03/2026 23:20:00,140,,,,,,,,,,,,,,,,,,,,,,,,,,,,18,12,,13,,15,20,,,,,,12,10,,,,,,,,,253
06/03/2026 23:25:00,130,,,,,,,,,,,,,,,,,,,,,,,,,,,,15,12,,16,,11,12,,,,,,10,13,,,,,,,,,243
06/03/2026 23:30:00,130,,,,,,,,,,,,,,,,,,,,,,,,,,,,12,15,,20,,7,21,,,,,,8,9,,,,,,,,,237
06/03/2026 23:35:00,169,,,,,,,,,,,,,,,,,,,,,,,,,,,,19,17,,16,,13,14,,,,,,12,9,,,,,,,,,230
06/03/2026 23:40:00,160,,,,,,,,,,,,,,,,,,,,,,,,,,,,15,12,,11,,7,12,,,,,,9,2,,,,,,,,,227
06/03/2026 23:45:00,144,,,,,,,,,,,,,,,,,,,,,,,,,,,,8,15,,12,,13,13,,,,,,10,3,,,,,,,,,218
06/03/2026 23:50:00,121,,,,,,,,,,,,,,,,,,,,,,,,,,,,11,7,,13,,10,19,,,,,,11,15,,,,,,,,,205
06/03/2026 23:55:00,138,,,,,,,,,,,,,,,,,,,,,,,,,,,,11,10,,8,,9,13,,,,,,9,7,,,,,,,,,192
