timestamp,777204_ML_entry,777215_FR,777244_FR,772690_OR,772691_FR,772981_FR,772982_OR,774412_OR,774413_FR,774458_CD,774459_FF,737211_OR,774193_FF,718318_OR,718319_FR,716844_OR,717961_FR,716846_OR,717965_FR,716850_OR,761735_FR,716852_OR,717974_FR,716854_OR,716856_FF,718043_OR,716858_OR,718477_FR,716861_OR,717982_FR,716862_OR,717991_FR,716864_OR,717994_FR,716866_OR,717999_FR,718004_OR,718005_FR,718494_FR,716869_OR,716871_OR,718009_FR,717802_OR,718013_FR,765597_FF,776229_FR,718015_FR,763935_OR,776256_FF,768446_FR,776243_OR,776187_FR,776188_ML_exit
06/04/2026 00:00:00,106,,,,,,,,,,,,,,,,,,,,,,,,,,10,6,6,19,8,10,,,,,14,19,,,,7,,,,,,,,,,,120
06/04/2026 00:05:00,93,,,,,,,,,,,,,,,,,,,,,,,,,,13,6,4,29,8,7,,,,,18,16,,,,2,,,,,,,,,,,117
06/04/2026 00:10:00,96,,,,,,,,,,,,,,,,,,,,,,,,,,13,6,9,20,11,9,,,,,14,17,,,,5,,,,,,,,,,,116
06/04/2026 00:15:00,101,,,,,,,,,,,,,,,,,,,,,,,,,,10,6,5,30,4,15,,,,,21,16,,,,5,,,,,,,,,,,112
06/04/2026 00:20:00,89,,,,,,,,,,,,,,,,,,,,,,,,,,7,2,1,14,6,12,,,,,9,16,,,,6,,,,,,,,,,,106
06/04/2026 00:25:00,106,,,,,,,,,,,,,,,,,,,,,,,,,,14,1,5,16,8,9,,,,,13,18,,,,3,,,,,,,,,,,103
06/04/2026 00:30:00,97,,,,,,,,,,,,,,,,,,,,,,,,,,6,3,4,22,4,13,,,,,16,13,,,,4,,,,,,,,,,,101
06/04/2026 00:35:00,92,,,,,,,,,,,,,,,,,,,,,,,,,,8,3,3,21,6,5,,,,,12,17,,,,1,,,,,,,,,,,97
06/04/2026 00:40:00,116,,,,,,,,,,,,,,,,,,,,,,,,,,18,1,3,12,9,16,,,,,15,13,,,,1,,,,,,,,,,,95
06/04/2026 00:45:00,99,,,,,,,,,,,,,,,,,,,,,,,,,,5,6,5,20,6,9,,,,,17,12,,,,2,,,,,,,,,,,91
06/04/2026 00:50:00,90,,,,,,,,,,,,,,,,,,,,,,,,,,2,1,4,17,7,12,,,,,17,12,,,,2,,,,,,,,,,,87
06/04/2026 00:55:00,93,,,,,,,,,,,,,,,,,,,,,,,,,,8,1,4,19,6,3,,,,,15,15,,,,3,,,,,,,,,,,83
06/04/2026 01:00:00,102,,,,,,,,,,,,,,,,,,,,,,,,,,6,4,3,17,8,4,,,,,9,10,,,,7,,,,,,,,,,,78
06/04/2026 01:05:00,97,,,,,,,,,,,,,,,,,,,,,,,,,,9,2,3,7,4,10,,,,,20,11,,,,2,,,,,,,,,,,78
06/04/2026 01:10:00,90,,,,,,,,,,,,,,,,,,,,,,,,,,12,1,13,21,13,5,,,,,8,7,,,,4,,,,,,,,,,,76
06/04/2026 01:15:00,97,,,,,,,,,,,,,,,,,,,,,,,,,,7,2,7,21,14,9,,,,,17,18,,,,5,,,,,,,,,,,74
06/04/2026 01:20:00,81,,,,,,,,,,,,,,,,,,,,,,,,,,10,4,4,18,4,9,,,,,13,12,,,,4,,,,,,,,,,,74
06/04/2026 01:25:00,80,,,,,,,,,,,,,,,,,,,,,,,,,,11,5,5,8,6,9,,,,,12,7,,,,7,,,,,,,,,,,70
06/04/2026 01:30:00,69,,,,,,,,,,,,,,,,,,,,,,,,,,9,1,6,19,3,13,,,,,17,8,,,,0,,,,,,,,,,,69
06/04/2026 01:35:00,83,,,,,,,,,,,,,,,,,,,,,,,,,,5,3,4,16,11,4,,,,,16,12,,,,2,,,,,,,,,,,69
06/04/2026 01:40:00,93,,,,,,,,,,,,,,,,,,,,,,,,,,9,4,4,9,2,7,,,,,16,10,,,,3,,,,,,,,,,,68
06/04/2026 01:45:00,81,,,,,,,,,,,,,,,,,,,,,,,,,,9,3,4,18,8,6,,,,,14,10,,,,2,,,,,,,,,,,67
06/04/2026 01:50:00,76,,,,,,,,,,,,,,,,,,,,,,,,,,4,2,1,6,7,8,,,,,17,9,,,,1,,,,,,,,,,,67
06/04/2026 01:55:00,86,,,,,,,,,,,,,,,,,,,,,,,,,,7,2,7,6,4,7,,,,,15,13,,,,2,,,,,,,,,,,62
06/04/2026 02:00:00,72,,,,,,,,,,,,,,,,,,,,,,,,,,8,1,3,16,9,2,,,,,6,9,,,,2,,,,,,,,,,,61
06/04/2026 02:05:00,81,,,,,,,,,,,,,,,,,,,,,,,,,,12,0,3,5,5,5,,,,,16,11,,,,4,,,,,,,,,,,61
06/04/2026 02:10:00,70,,,,,,,,,,,,,,,,,,,,,,,,,,7,4,3,14,1,6,,,,,7,11,,,,3,,,,,,,,,,,65
06/04/2026 02:15:00,87,,,,,,,,,,,,,,,,,,,,,,,,,,3,4,2,18,3,10,,,,,11,9,,,,2,,,,,,,,,,,65
06/04/2026 02:20:00,90,,,,,,,,,,,,,,,,,,,,,,,,,,5,0,2,11,10,7,,,,,15,8,,,,10,,,,,,,,,,,64
06/04/2026 02:25:00,86,,,,,,,,,,,,,,,,,,,,,,,,,,8,2,0,14,4,9,,,,,14,9,,,,2,,,,,,,,,,,60
06/04/2026 02:30:00,83,,,,,,,,,,,,,,,,,,,,,,,,,,10,0,3,13,9,8,,,,,17,8,,,,2,,,,,,,,,,,59
06/04/2026 02:35:00,81,,,,,,,,,,,,,,,,,,,,,,,,,,8,0,3,6,7,6,,,,,6,6,,,,5,,,,,,,,,,,61
06/04/2026 02:40:00,79,,,,,,,,,,,,,,,,,,,,,,,,,,7,0,1,5,11,8,,,,,17,5,,,,3,,,,,,,,,,,64
06/04/2026 02:45:00,91,,,,,,,,,,,,,,,,,,,,,,,,,,17,1,2,7,9,10,,,,,13,12,,,,5,,,,,,,,,,,62
06/04/2026 02:50:00,87,,,,,,,,,,,,,,,,,,,,,,,,,,16,3,1,11,5,8,,,,,10,8,,,,3,,,,,,,,,,,57
06/04/2026 02:55:00,93,,,,,,,,,,,,,,,,,,,,,,,,,,10,3,2,8,9,10,,,,,17,8,,,,1,,,,,,,,,,,55
06/04/2026 03:00:00,102,,,,,,,,,,,,,,,,,,,,,,,,,,7,4,1,15,16,8,,,,,16,6,,,,3,,,,,,,,,,,53
06/04/2026 03:05:00,102,,,,,,,,,,,,,,,,,,,,,,,,,,8,1,3,8,14,16,,,,,11,10,,,,3,,,,,,,,,,,55
06/04/2026 03:10:00,78,,,,,,,,,,,,,,,,,,,,,,,,,,9,2,2,8,9,12,,,,,17,6,,,,2,,,,,,,,,,,57
06/04/2026 03:15:00,72,,,,,,,,,,,,,,,,,,,,,,,,,,9,4,5,3,20,6,,,,,25,4,,,,5,,,,,,,,,,,58
06/04/2026 03:20:00,79,,,,,,,,,,,,,,,,,,,,,,,,,,15,0,2,8,4,7,,,,,21,3,,,,5,,,,,,,,,,,63
06/04/2026 03:25:00,69,,,,,,,,,,,,,,,,,,,,,,,,,,22,4,8,3,11,11,,,,,15,6,,,,5,,,,,,,,,,,66
06/04/2026 03:30:00,74,,,,,,,,,,,,,,,,,,,,,,,,,,14,1,2,10,14,11,,,,,16,3,,,,9,,,,,,,,,,,70
06/04/2026 03:35:00,83,,,,,,,,,,,,,,,,,,,,,,,,,,28,3,3,8,11,12,,,,,14,12,,,,4,,,,,,,,,,,74
06/04/2026 03:40:00,72,,,,,,,,,,,,,,,,,,,,,,,,,,29,3,7,6,16,9,,,,,26,6,,,,5,,,,,,,,,,,78
06/04/2026 03:45:00,76,,,,,,,,,,,,,,,,,,,,,,,,,,22,2,8,6,15,16,,,,,19,8,,,,16,,,,,,,,,,,80
06/04/2026 03:50:00,63,,,,,,,,,,,,,,,,,,,,,,,,,,21,3,5,12,15,17,,,,,23,7,,,,9,,,,,,,,,,,78
06/04/2026 03:55:00,74,,,,,,,,,,,,,,,,,,,,,,,,,,15,2,2,11,16,7,,,,,15,9,,,,10,,,,,,,,,,,74
06/04/2026 04:00:00,71,,,,,,,,,,,,,,,,,,,,,,,,,,21,3,4,8,11,5,,,,,24,8,,,,7,,,,,,,,,,,76
06/04/2026 04:05:00,79,,,,,,,,,,,,,,,,,,,,,,,,,,22,6,3,12,20,13,,,,,18,9,,,,8,,,,,,,,,,,80
06/04/2026 04:10:00,92,,,,,,,,,,,,,,,,,,,,,,,,,,16,3,7,2,15,15,,,,,22,4,,,,10,,,,,,,,,,,91
06/04/2026 04:15:00,93,,,,,,,,,,,,,,,,,,,,,,,,,,26,1,6,8,30,10,,,,,18,10,,,,3,,,,,,,,,,,99
06/04/2026 04:20:00,87,,,,,,,,,,,,,,,,,,,,,,,,,,31,8,5,12,20,11,,,,,28,9,,,,11,,,,,,,,,,,106
06/04/2026 04:25:00,83,,,,,,,,,,,,,,,,,,,,,,,,,,24,7,7,9,20,13,,,,,38,10,,,,14,,,,,,,,,,,116
06/04/2026 04:30:00,88,,,,,,,,,,,,,,,,,,,,,,,,,,21,7,9,15,27,18,,,,,22,10,,,,12,,,,,,,,,,,127
06/04/2026 04:35:00,87,,,,,,,,,,,,,,,,,,,,,,,,,,37,7,9,16,24,30,,,,,23,10,,,,19,,,,,,,,,,,141
06/04/2026 04:40:00,87,,,,,,,,,,,,,,,,,,,,,,,,,,33,11,11,18,35,25,,,,,39,11,,,,17,,,,,,,,,,,157
06/04/2026 04:45:00,96,,,,,,,,,,,,,,,,,,,,,,,,,,38,24,14,24,27,33,,,,,34,14,,,,26,,,,,,,,,,,157
06/04/2026 04:50:00,86,,,,,,,,,,,,,,,,,,,,,,,,,,22,11,18,21,26,33,,,,,33,19,,,,14,,,,,,,,,,,160
06/04/2026 04:55:00,97,,,,,,,,,,,,,,,,,,,,,,,,,,33,22,13,14,26,29,,,,,29,23,,,,16,,,,,,,,,,,156
06/04/2026 05:00:00,83,,,,,,,,,,,,,,,,,,,,,,,,,,21,12,18,13,32,12,,,,,40,14,,,,24,,,,,,,,,,,163
06/04/2026 05:05:00,97,,,,,,,,,,,,,,,,,,,,,,,,,,25,12,18,11,33,15,,,,,36,13,,,,19,,,,,,,,,,,179
06/04/2026 05:10:00,98,,,,,,,,,,,,,,,,,,,,,,,,,,31,13,15,12,31,15,,,,,28,13,,,,15,,,,,,,,,,,195
06/04/2026 05:15:00,116,,,,,,,,,,,,,,,,,,,,,,,,,,28,8,11,13,53,18,,,,,42,16,,,,17,,,,,,,,,,,220
06/04/2026 05:20:00,110,,,,,,,,,,,,,,,,,,,,,,,,,,39,19,14,23,34,20,,,,,56,18,,,,37,,,,,,,,,,,237
06/04/2026 05:25:00,104,,,,,,,,,,,,,,,,,,,,,,,,,,54,20,22,15,28,16,,,,,54,22,,,,30,,,,,,,,,,,256
06/04/2026 05:30:00,124,,,,,,,,,,,,,,,,,,,,,,,,,,44,14,20,25,53,21,,,,,56,14,,,,33,,,,,,,,,,,279
06/04/2026 05:35:00,120,,,,,,,,,,,,,,,,,,,,,,,,,,40,18,26,14,34,17,,,,,70,16,,,,38,,,,,,,,,,,308
06/04/2026 05:40:00,125,,,,,,,,,,,,,,,,,,,,,,,,,,60,19,31,12,59,20,,,,,58,9,,,,38,,,,,,,,,,,309
06/04/2026 05:45:00,133,,,,,,,,,,,,,,,,,,,,,,,,,,50,31,22,22,43,23,,,,,48,20,,,,56,,,,,,,,,,,317
06/04/2026 05:50:00,111,,,,,,,,,,,,,,,,,,,,,,,,,,45,25,20,18,45,37,,,,,56,22,,,,53,,,,,,,,,,,317
06/04/2026 05:55:00,124,,,,,,,,,,,,,,,,,,,,,,,,,,45,37,15,26,56,28,,,,,35,16,,,,36,,,,,,,,,,,308
06/04/2026 06:00:00,148,,,,,,,,,,,,,,,,,,,,,,,,,,54,29,23,19,36,31,,,,,44,10,,,,45,,,,,,,,,,,302
06/04/2026 06:05:00,150,,,,,,,,,,,,,,,,,,,,,,,,,,43,19,26,15,49,19,,,,,55,18,,,,39,,,,,,,,,,,311
06/04/2026 06:10:00,157,,,,,,,,,,,,,,,,,,,,,,,,,,41,13,33,32,37,15,,,,,54,19,,,,33,,,,,,,,,,,325
06/04/2026 06:15:00,153,,,,,,,,,,,,,,,,,,,,,,,,,,43,15,27,26,42,21,,,,,56,28,,,,28,,,,,,,,,,,332
06/04/2026 06:20:00,153,,,,,,,,,,,,,,,,,,,,,,,,,,39,26,29,23,40,11,,,,,62,22,,,,48,,,,,,,,,,,334
06/04/2026 06:25:00,148,,,,,,,,,,,,,,,,,,,,,,,,,,36,27,23,33,48,17,,,,,51,22,,,,27,,,,,,,,,,,341
06/04/2026 06:30:00,142,,,,,,,,,,,,,,,,,,,,,,,,,,40,29,30,28,50,17,,,,,53,19,,,,50,,,,,,,,,,,346
06/04/2026 06:35:00,157,,,,,,,,,,,,,,,,,,,,,,,,,,34,27,20,53,65,21,,,,,43,14,,,,35,,,,,,,,,,,353
06/04/2026 06:40:00,150,,,,,,,,,,,,,,,,,,,,,,,,,,38,36,23,48,86,16,,,,,46,23,,,,45,,,,,,,,,,,340
06/04/2026 06:45:00,147,,,,,,,,,,,,,,,,,,,,,,,,,,39,30,39,48,98,13,,,,,52,26,,,,55,,,,,,,,,,,330
06/04/2026 06:50:00,215,,,,,,,,,,,,,,,,,,,,,,,,,,36,25,27,41,64,17,,,,,43,27,,,,71,,,,,,,,,,,326
06/04/2026 06:55:00,173,,,,,,,,,,,,,,,,,,,,,,,,,,44,33,35,37,55,15,,,,,45,18,,,,63,,,,,,,,,,,321
06/04/2026 07:00:00,155,,,,,,,,,,,,,,,,,,,,,,,,,,36,16,33,28,55,21,,,,,50,18,,,,57,,,,,,,,,,,319
06/04/2026 07:05:00,173,,,,,,,,,,,,,,,,,,,,,,,,,,34,15,37,38,50,16,,,,,74,21,,,,50,,,,,,,,,,,323
06/04/2026 07:10:00,186,,,,,,,,,,,,,,,,,,,,,,,,,,33,16,34,38,66,10,,,,,69,21,,,,36,,,,,,,,,,,324
06/04/2026 07:15:00,169,,,,,,,,,,,,,,,,,,,,,,,,,,29,14,33,39,90,8,,,,,76,28,,,,40,,,,,,,,,,,327
06/04/2026 07:20:00,202,,,,,,,,,,,,,,,,,,,,,,,,,,30,17,44,17,65,7,,,,,60,13,,,,37,,,,,,,,,,,328
06/04/2026 07:25:00,179,,,,,,,,,,,,,,,,,,,,,,,,,,36,27,34,49,78,16,,,,,53,29,,,,56,,,,,,,,,,,325
06/04/2026 07:30:00,173,,,,,,,,,,,,,,,,,,,,,,,,,,39,21,26,38,74,17,,,,,40,24,,,,47,,,,,,,,,,,326
06/04/2026 07:35:00,218,,,,,,,,,,,,,,,,,,,,,,,,,,39,17,39,34,60,20,,,,,45,21,,,,38,,,,,,,,,,,325
06/04/2026 07:40:00,196,,,,,,,,,,,,,,,,,,,,,,,,,,39,20,44,34,49,20,,,,,58,29,,,,58,,,,,,,,,,,322
06/04/2026 07:45:00,192,,,,,,,,,,,,,,,,,,,,,,,,,,40,18,40,26,54,14,,,,,51,27,,,,68,,,,,,,,,,,319
06/04/2026 07:50:00,238,,,,,,,,,,,,,,,,,,,,,,,,,,22,16,33,27,70,27,,,,,57,29,,,,57,,,,,,,,,,,317
06/04/2026 07:55:00,192,,,,,,,,,,,,,,,,,,,,,,,,,,37,19,35,32,56,23,,,,,44,30,,,,75,,,,,,,,,,,318
06/04/2026 08:00:00,215,,,,,,,,,,,,,,,,,,,,,,,,,,27,22,33,31,56,17,,,,,48,16,,,,63,,,,,,,,,,,313
06/04/2026 08:05:00,199,,,,,,,,,,,,,,,,,,,,,,,,,,25,20,36,36,57,23,,,,,71,26,,,,65,,,,,,,,,,,311
06/04/2026 08:10:00,192,,,,,,,,,,,,,,,,,,,,,,,,,,36,13,34,41,42,21,,,,,54,17,,,,40,,,,,,,,,,,310
06/04/2026 08:15:00,202,,,,,,,,,,,,,,,,,,,,,,,,,,38,19,36,52,47,23,,,,,58,30,,,,46,,,,,,,,,,,306
06/04/2026 08:20:00,224,,,,,,,,,,,,,,,,,,,,,,,,,,41,16,39,46,41,17,,,,,29,39,,,,72,,,,,,,,,,,311
06/04/2026 08:25:00,169,,,,,,,,,,,,,,,,,,,,,,,,,,30,18,33,31,56,9,,,,,43,38,,,,51,,,,,,,,,,,311
06/04/2026 08:30:00,225,,,,,,,,,,,,,,,,,,,,,,,,,,28,34,27,44,36,19,,,,,36,28,,,,47,,,,,,,,,,,308
06/04/2026 08:35:00,199,,,,,,,,,,,,,,,,,,,,,,,,,,32,19,33,35,54,19,,,,,41,33,,,,74,,,,,,,,,,,309
06/04/2026 08:40:00,211,,,,,,,,,,,,,,,,,,,,,,,,,,37,20,23,42,33,25,,,,,41,34,,,,52,,,,,,,,,,,311
06/04/2026 08:45:00,210,,,,,,,,,,,,,,,,,,,,,,,,,,30,16,27,34,42,26,,,,,36,23,,,,47,,,,,,,,,,,310
06/04/2026 08:50:00,205,,,,,,,,,,,,,,,,,,,,,,,,,,33,17,35,40,42,27,,,,,45,30,,,,50,,,,,,,,,,,310
06/04/2026 08:55:00,154,,,,,,,,,,,,,,,,,,,,,,,,,,35,23,16,49,34,35,,,,,32,30,,,,48,,,,,,,,,,,303
06/04/2026 09:00:00,168,,,,,,,,,,,,,,,,,,,,,,,,,,19,19,34,49,34,42,,,,,19,28,,,,38,,,,,,,,,,,302
06/04/2026 09:05:00,187,,,,,,,,,,,,,,,,,,,,,,,,,,36,17,23,38,31,31,,,,,32,43,,,,51,,,,,,,,,,,303
06/04/2026 09:10:00,173,,,,,,,,,,,,,,,,,,,,,,,,,,21,20,21,29,34,45,,,,,36,32,,,,59,,,,,,,,,,,300
06/04/2026 09:15:00,162,,,,,,,,,,,,,,,,,,,,,,,,,,40,17,25,32,39,34,,,,,43,30,,,,40,,,,,,,,,,,303
06/04/2026 09:20:00,160,,,,,,,,,,,,,,,,,,,,,,,,,,45,25,14,36,33,43,,,,,27,32,,,,38,,,,,,,,,,,306
06/04/2026 09:25:00,169,,,,,,,,,,,,,,,,,,,,,,,,,,41,25,15,47,36,23,,,,,41,33,,,,24,,,,,,,,,,,304
06/04/2026 09:30:00,160,,,,,,,,,,,,,,,,,,,,,,,,,,27,21,22,41,29,32,,,,,40,38,,,,76,,,,,,,,,,,307
06/04/2026 09:35:00,168,,,,,,,,,,,,,,,,,,,,,,,,,,36,25,22,60,37,38,,,,,42,29,,,,25,,,,,,,,,,,307
06/04/2026 09:40:00,148,,,,,,,,,,,,,,,,,,,,,,,,,,33,20,20,46,38,44,,,,,30,34,,,,40,,,,,,,,,,,308
06/04/2026 09:45:00,155,,,,,,,,,,,,,,,,,,,,,,,,,,25,22,21,43,52,33,,,,,34,38,,,,50,,,,,,,,,,,307
06/04/2026 09:50:00,140,,,,,,,,,,,,,,,,,,,,,,,,,,29,19,22,50,40,53,,,,,26,38,,,,35,,,,,,,,,,,308
06/04/2026 09:55:00,155,,,,,,,,,,,,,,,,,,,,,,,,,,34,9,27,48,44,33,,,,,29,57,,,,37,,,,,,,,,,,304
06/04/2026 10:00:00,143,,,,,,,,,,,,,,,,,,,,,,,,,,47,17,21,50,31,29,,,,,27,49,,,,36,,,,,,,,,,,302
06/04/2026 10:05:00,155,,,,,,,,,,,,,,,,,,,,,,,,,,30,23,31,59,50,33,,,,,32,39,,,,40,,,,,,,,,,,304
06/04/2026 10:10:00,169,,,,,,,,,,,,,,,,,,,,,,,,,,43,13,25,39,39,24,,,,,33,38,,,,18,,,,,,,,,,,303
06/04/2026 10:15:00,150,,,,,,,,,,,,,,,,,,,,,,,,,,40,20,23,29,47,39,,,,,24,38,,,,24,,,,,,,,,,,304
06/04/2026 10:20:00,169,,,,,,,,,,,,,,,,,,,,,,,,,,25,17,17,59,29,33,,,,,42,42,,,,30,,,,,,,,,,,308
06/04/2026 10:25:00,134,,,,,,,,,,,,,,,,,,,,,,,,,,31,23,23,48,45,40,,,,,35,37,,,,22,,,,,,,,,,,309
06/04/2026 10:30:00,147,,,,,,,,,,,,,,,,,,,,,,,,,,36,22,25,48,18,23,,,,,31,35,,,,25,,,,,,,,,,,306
06/04/2026 10:35:00,165,,,,,,,,,,,,,,,,,,,,,,,,,,38,21,23,44,37,36,,,,,43,31,,,,34,,,,,,,,,,,308
06/04/2026 10:40:00,165,,,,,,,,,,,,,,,,,,,,,,,,,,33,19,22,65,42,29,,,,,33,35,,,,14,,,,,,,,,,,309
06/04/2026 10:45:00,173,,,,,,,,,,,,,,,,,,,,,,,,,,30,24,15,54,43,37,,,,,46,39,,,,33,,,,,,,,,,,309
06/04/2026 10:50:00,182,,,,,,,,,,,,,,,,,,,,,,,,,,34,23,13,49,53,34,,,,,45,36,,,,25,,,,,,,,,,,311
06/04/2026 10:55:00,159,,,,,,,,,,,,,,,,,,,,,,,,,,44,26,15,44,57,35,,,,,28,44,,,,21,,,,,,,,,,,305
06/04/2026 11:00:00,157,,,,,,,,,,,,,,,,,,,,,,,,,,33,11,30,62,52,38,,,,,26,43,,,,26,,,,,,,,,,,307
06/04/2026 11:05:00,163,,,,,,,,,,,,,,,,,,,,,,,,,,28,33,24,50,32,38,,,,,30,45,,,,32,,,,,,,,,,,306
06/04/2026 11:10:00,139,,,,,,,,,,,,,,,,,,,,,,,,,,28,32,14,51,28,33,,,,,25,40,,,,29,,,,,,,,,,,308
06/04/2026 11:15:00,206,,,,,,,,,,,,,,,,,,,,,,,,,,37,19,14,41,37,34,,,,,37,36,,,,25,,,,,,,,,,,311
06/04/2026 11:20:00,162,,,,,,,,,,,,,,,,,,,,,,,,,,41,21,18,67,32,27,,,,,21,38,,,,24,,,,,,,,,,,311
06/04/2026 11:25:00,146,,,,,,,,,,,,,,,,,,,,,,,,,,28,22,21,38,23,41,,,,,40,44,,,,29,,,,,,,,,,,311
06/04/2026 11:30:00,153,,,,,,,,,,,,,,,,,,,,,,,,,,32,19,24,43,28,34,,,,,29,43,,,,38,,,,,,,,,,,315
06/04/2026 11:35:00,148,,,,,,,,,,,,,,,,,,,,,,,,,,37,24,38,49,33,45,,,,,30,38,,,,22,,,,,,,,,,,315
06/04/2026 11:40:00,166,,,,,,,,,,,,,,,,,,,,,,,,,,23,19,19,45,29,39,,,,,24,47,,,,34,,,,,,,,,,,315
06/04/2026 11:45:00,192,,,,,,,,,,,,,,,,,,,,,,,,,,24,25,16,44,31,46,,,,,24,72,,,,70,,,,,,,,,,,315
06/04/2026 11:50:00,169,,,,,,,,,,,,,,,,,,,,,,,,,,32,23,13,69,26,55,,,,,20,51,,,,21,,,,,,,,,,,313
06/04/2026 11:55:00,148,,,,,,,,,,,,,,,,,,,,,,,,,,19,21,14,55,18,52,,,,,15,53,,,,12,,,,,,,,,,,315
06/04/2026 12:00:00,153,,,,,,,,,,,,,,,,,,,,,,,,,,24,34,8,60,18,32,,,,,21,53,,,,22,,,,,,,,,,,313
06/04/2026 12:05:00,159,,,,,,,,,,,,,,,,,,,,,,,,,,31,30,19,50,15,47,,,,,22,69,,,,31,,,,,,,,,,,317
06/04/2026 12:10:00,159,,,,,,,,,,,,,,,,,,,,,,,,,,23,25,25,72,30,53,,,,,33,47,,,,41,,,,,,,,,,,317
06/04/2026 12:15:00,163,,,,,,,,,,,,,,,,,,,,,,,,,,19,17,26,63,28,48,,,,,26,66,,,,58,,,,,,,,,,,321
06/04/2026 12:20:00,182,,,,,,,,,,,,,,,,,,,,,,,,,,33,22,18,60,44,58,,,,,33,68,,,,44,,,,,,,,,,,321
06/04/2026 12:25:00,143,,,,,,,,,,,,,,,,,,,,,,,,,,33,35,16,55,36,54,,,,,18,64,,,,46,,,,,,,,,,,320
06/04/2026 12:30:00,179,,,,,,,,,,,,,,,,,,,,,,,,,,38,18,13,56,52,54,,,,,33,46,,,,28,,,,,,,,,,,320
06/04/2026 12:35:00,160,,,,,,,,,,,,,,,,,,,,,,,,,,35,34,30,44,28,28,,,,,47,38,,,,32,,,,,,,,,,,321
06/04/2026 12:40:00,156,,,,,,,,,,,,,,,,,,,,,,,,,,38,24,19,60,31,37,,,,,38,56,,,,31,,,,,,,,,,,323
06/04/2026 12:45:00,179,,,,,,,,,,,,,,,,,,,,,,,,,,41,27,24,61,45,33,,,,,32,44,,,,26,,,,,,,,,,,323
06/04/2026 12:50:00,162,,,,,,,,,,,,,,,,,,,,,,,,,,33,27,17,55,69,48,,,,,37,49,,,,28,,,,,,,,,,,321
06/04/2026 12:55:00,169,,,,,,,,,,,,,,,,,,,,,,,,,,31,46,29,61,18,42,,,,,30,50,,,,15,,,,,,,,,,,321
06/04/2026 13:00:00,169,,,,,,,,,,,,,,,,,,,,,,,,,,44,29,19,60,42,42,,,,,37,47,,,,26,,,,,,,,,,,317
06/04/2026 13:05:00,158,,,,,,,,,,,,,,,,,,,,,,,,,,25,36,33,71,19,45,,,,,34,39,,,,26,,,,,,,,,,,321
06/04/2026 13:10:00,159,,,,,,,,,,,,,,,,,,,,,,,,,,40,29,21,70,29,42,,,,,51,36,,,,36,,,,,,,,,,,323
06/04/2026 13:15:00,192,,,,,,,,,,,,,,,,,,,,,,,,,,33,42,18,64,34,47,,,,,34,46,,,,25,,,,,,,,,,,325
06/04/2026 13:20:00,169,,,,,,,,,,,,,,,,,,,,,,,,,,30,25,16,79,38,27,,,,,36,58,,,,36,,,,,,,,,,,325
06/04/2026 13:25:00,196,,,,,,,,,,,,,,,,,,,,,,,,,,30,27,14,62,23,40,,,,,25,53,,,,40,,,,,,,,,,,325
06/04/2026 13:30:00,175,,,,,,,,,,,,,,,,,,,,,,,,,,37,37,19,69,48,55,,,,,38,62,,,,27,,,,,,,,,,,323
06/04/2026 13:35:00,183,,,,,,,,,,,,,,,,,,,,,,,,,,30,14,16,72,44,25,,,,,36,53,,,,38,,,,,,,,,,,325
06/04/2026 13:40:00,208,,,,,,,,,,,,,,,,,,,,,,,,,,43,25,14,69,66,44,,,,,29,55,,,,28,,,,,,,,,,,328
06/04/2026 13:45:00,209,,,,,,,,,,,,,,,,,,,,,,,,,,44,35,40,63,42,38,,,,,31,48,,,,29,,,,,,,,,,,326
06/04/2026 13:50:00,177,,,,,,,,,,,,,,,,,,,,,,,,,,47,30,32,69,42,38,,,,,25,54,,,,40,,,,,,,,,,,325
06/04/2026 13:55:00,179,,,,,,,,,,,,,,,,,,,,,,,,,,33,29,22,61,42,46,,,,,32,59,,,,28,,,,,,,,,,,322
06/04/2026 14:00:00,183,,,,,,,,,,,,,,,,,,,,,,,,,,36,25,20,60,37,50,,,,,35,45,,,,34,,,,,,,,,,,319
06/04/2026 14:05:00,179,,,,,,,,,,,,,,,,,,,,,,,,,,33,19,30,71,49,40,,,,,41,28,,,,37,,,,,,,,,,,321
06/04/2026 14:10:00,177,,,,,,,,,,,,,,,,,,,,,,,,,,33,35,18,83,57,36,,,,,39,23,,,,29,,,,,,,,,,,327
06/04/2026 14:15:00,183,,,,,,,,,,,,,,,,,,,,,,,,,,31,23,26,60,50,38,,,,,27,27,,,,20,,,,,,,,,,,327
06/04/2026 14:20:00,182,,,,,,,,,,,,,,,,,,,,,,,,,,36,31,21,80,28,41,,,,,34,28,,,,29,,,,,,,,,,,326
06/04/2026 14:25:00,160,,,,,,,,,,,,,,,,,,,,,,,,,,26,23,25,76,43,35,,,,,39,29,,,,19,,,,,,,,,,,323
06/04/2026 14:30:00,169,,,,,,,,,,,,,,,,,,,,,,,,,,31,26,31,59,45,35,,,,,36,30,,,,28,,,,,,,,,,,323
06/04/2026 14:35:00,188,,,,,,,,,,,,,,,,,,,,,,,,,,39,29,28,63,47,48,,,,,21,17,,,,29,,,,,,,,,,,326
06/04/2026 14:40:00,185,,,,,,,,,,,,,,,,,,,,,,,,,,41,27,35,62,38,40,,,,,32,35,,,,22,,,,,,,,,,,330
06/04/2026 14:45:00,159,,,,,,,,,,,,,,,,,,,,,,,,,,33,13,27,58,60,34,,,,,47,53,,,,16,,,,,,,,,,,330
06/04/2026 14:50:00,200,,,,,,,,,,,,,,,,,,,,,,,,,,27,11,24,61,60,36,,,,,32,49,,,,30,,,,,,,,,,,325
06/04/2026 14:55:00,205,,,,,,,,,,,,,,,,,,,,,,,,,,26,16,36,64,56,55,,,,,34,52,,,,20,,,,,,,,,,,322
06/04/2026 15:00:00,187,,,,,,,,,,,,,,,,,,,,,,,,,,31,29,25,67,27,37,,,,,36,50,,,,33,,,,,,,,,,,320
06/04/2026 15:05:00,211,,,,,,,,,,,,,,,,,,,,,,,,,,39,19,23,61,43,61,,,,,42,38,,,,32,,,,,,,,,,,321
06/04/2026 15:10:00,173,,,,,,,,,,,,,,,,,,,,,,,,,,43,29,32,71,20,39,,,,,26,50,,,,31,,,,,,,,,,,320
06/04/2026 15:15:00,183,,,,,,,,,,,,,,,,,,,,,,,,,,36,27,17,86,34,39,,,,,24,53,,,,30,,,,,,,,,,,313
06/04/2026 15:20:00,169,,,,,,,,,,,,,,,,,,,,,,,,,,41,26,27,70,39,25,,,,,22,59,,,,36,,,,,,,,,,,313
06/04/2026 15:25:00,201,,,,,,,,,,,,,,,,,,,,,,,,,,33,19,26,59,52,40,,,,,26,39,,,,23,,,,,,,,,,,315
06/04/2026 15:30:00,192,,,,,,,,,,,,,,,,,,,,,,,,,,43,23,36,70,26,49,,,,,29,50,,,,29,,,,,,,,,,,311
06/04/2026 15:35:00,196,,,,,,,,,,,,,,,,,,,,,,,,,,38,25,47,54,55,47,,,,,31,60,,,,26,,,,,,,,,,,313
06/04/2026 15:40:00,241,,,,,,,,,,,,,,,,,,,,,,,,,,38,18,40,54,55,32,,,,,32,72,,,,32,,,,,,,,,,,307
06/04/2026 15:45:00,197,,,,,,,,,,,,,,,,,,,,,,,,,,41,20,39,49,58,39,,,,,27,69,,,,31,,,,,,,,,,,311
06/04/2026 15:50:00,169,,,,,,,,,,,,,,,,,,,,,,,,,,40,32,29,56,38,54,,,,,39,62,,,,24,,,,,,,,,,,306
06/04/2026 15:55:00,202,,,,,,,,,,,,,,,,,,,,,,,,,,38,26,25,51,31,59,,,,,34,64,,,,34,,,,,,,,,,,298
06/04/2026 16:00:00,195,,,,,,,,,,,,,,,,,,,,,,,,,,41,19,29,55,29,65,,,,,19,69,,,,29,,,,,,,,,,,298
06/04/2026 16:05:00,201,,,,,,,,,,,,,,,,,,,,,,,,,,36,31,21,60,35,57,,,,,18,64,,,,20,,,,,,,,,,,298
06/04/2026 16:10:00,211,,,,,,,,,,,,,,,,,,,,,,,,,,38,34,40,70,22,54,,,,,30,67,,,,29,,,,,,,,,,,296
06/04/2026 16:15:00,219,,,,,,,,,,,,,,,,,,,,,,,,,,39,37,28,60,29,51,,,,,33,62,,,,35,,,,,,,,,,,298
06/04/2026 16:20:00,211,,,,,,,,,,,,,,,,,,,,,,,,,,39,28,35,67,36,54,,,,,32,88,,,,25,,,,,,,,,,,306
06/04/2026 16:25:00,218,,,,,,,,,,,,,,,,,,,,,,,,,,39,17,21,79,53,55,,,,,37,98,,,,30,,,,,,,,,,,292
06/04/2026 16:30:00,238,,,,,,,,,,,,,,,,,,,,,,,,,,41,25,41,59,28,64,,,,,32,89,,,,40,,,,,,,,,,,298
06/04/2026 16:35:00,210,,,,,,,,,,,,,,,,,,,,,,,,,,44,22,33,60,34,56,,,,,27,82,,,,34,,,,,,,,,,,296
06/04/2026 16:40:00,229,,,,,,,,,,,,,,,,,,,,,,,,,,43,21,42,61,27,57,,,,,41,80,,,,28,,,,,,,,,,,311
06/04/2026 16:45:00,264,,,,,,,,,,,,,,,,,,,,,,,,,,44,19,31,54,23,57,,,,,31,74,,,,34,,,,,,,,,,,308
06/04/2026 16:50:00,197,,,,,,,,,,,,,,,,,,,,,,,,,,33,24,29,54,33,45,,,,,32,60,,,,31,,,,,,,,,,,300
06/04/2026 16:55:00,253,,,,,,,,,,,,,,,,,,,,,,,,,,43,21,24,68,28,53,,,,,40,70,,,,30,,,,,,,,,,,294
06/04/2026 17:00:00,246,,,,,,,,,,,,,,,,,,,,,,,,,,39,27,28,74,25,65,,,,,28,79,,,,19,,,,,,,,,,,284
06/04/2026 17:05:00,231,,,,,,,,,,,,,,,,,,,,,,,,,,36,17,35,59,29,72,,,,,15,82,,,,23,,,,,,,,,,,300
06/04/2026 17:10:00,225,,,,,,,,,,,,,,,,,,,,,,,,,,43,32,34,64,39,58,,,,,25,99,,,,19,,,,,,,,,,,317
06/04/2026 17:15:00,245,,,,,,,,,,,,,,,,,,,,,,,,,,39,28,27,67,37,41,,,,,41,71,,,,21,,,,,,,,,,,288
06/04/2026 17:20:00,241,,,,,,,,,,,,,,,,,,,,,,,,,,42,23,34,64,45,54,,,,,37,62,,,,31,,,,,,,,,,,321
06/04/2026 17:25:00,247,,,,,,,,,,,,,,,,,,,,,,,,,,42,21,37,72,35,55,,,,,33,61,,,,31,,,,,,,,,,,311
06/04/2026 17:30:00,218,,,,,,,,,,,,,,,,,,,,,,,,,,45,25,46,75,31,50,,,,,37,76,,,,27,,,,,,,,,,,304
06/04/2026 17:35:00,247,,,,,,,,,,,,,,,,,,,,,,,,,,41,21,37,80,35,54,,,,,38,67,,,,32,,,,,,,,,,,306
06/04/2026 17:40:00,198,,,,,,,,,,,,,,,,,,,,,,,,,,42,30,33,65,36,53,,,,,33,93,,,,22,,,,,,,,,,,309
06/04/2026 17:45:00,193,,,,,,,,,,,,,,,,,,,,,,,,,,33,20,28,71,39,64,,,,,38,72,,,,22,,,,,,,,,,,306
06/04/2026 17:50:00,219,,,,,,,,,,,,,,,,,,,,,,,,,,36,22,26,84,23,66,,,,,20,63,,,,33,,,,,,,,,,,302
06/04/2026 17:55:00,188,,,,,,,,,,,,,,,,,,,,,,,,,,36,26,24,77,46,55,,,,,37,85,,,,23,,,,,,,,,,,281
06/04/2026 18:00:00,213,,,,,,,,,,,,,,,,,,,,,,,,,,39,25,24,70,21,42,,,,,34,74,,,,20,,,,,,,,,,,296
06/04/2026 18:05:00,197,,,,,,,,,,,,,,,,,,,,,,,,,,31,29,14,89,32,47,,,,,41,77,,,,30,,,,,,,,,,,291
06/04/2026 18:10:00,208,,,,,,,,,,,,,,,,,,,,,,,,,,34,20,19,64,34,41,,,,,33,64,,,,17,,,,,,,,,,,298
06/04/2026 18:15:00,227,,,,,,,,,,,,,,,,,,,,,,,,,,24,28,32,92,61,48,,,,,30,77,,,,24,,,,,,,,,,,304
06/04/2026 18:20:00,202,,,,,,,,,,,,,,,,,,,,,,,,,,28,24,8,70,35,42,,,,,19,70,,,,16,,,,,,,,,,,302
06/04/2026 18:25:00,192,,,,,,,,,,,,,,,,,,,,,,,,,,31,26,20,73,46,59,,,,,31,71,,,,23,,,,,,,,,,,298
06/04/2026 18:30:00,184,,,,,,,,,,,,,,,,,,,,,,,,,,36,29,12,84,31,41,,,,,19,72,,,,21,,,,,,,,,,,300
06/04/2026 18:35:00,174,,,,,,,,,,,,,,,,,,,,,,,,,,43,29,14,95,35,46,,,,,38,87,,,,23,,,,,,,,,,,300
06/04/2026 18:40:00,159,,,,,,,,,,,,,,,,,,,,,,,,,,35,33,19,53,49,53,,,,,47,75,,,,17,,,,,,,,,,,303
06/04/2026 18:45:00,155,,,,,,,,,,,,,,,,,,,,,,,,,,33,25,15,80,26,61,,,,,35,66,,,,12,,,,,,,,,,,305
06/04/2026 18:50:00,131,,,,,,,,,,,,,,,,,,,,,,,,,,36,42,13,102,48,68,,,,,34,71,,,,23,,,,,,,,,,,308
06/04/2026 18:55:00,162,,,,,,,,,,,,,,,,,,,,,,,,,,33,35,16,93,51,66,,,,,17,69,,,,7,,,,,,,,,,,311
06/04/2026 19:00:00,123,,,,,,,,,,,,,,,,,,,,,,,,,,38,29,10,58,36,67,,,,,28,60,,,,9,,,,,,,,,,,311
06/04/2026 19:05:00,139,,,,,,,,,,,,,,,,,,,,,,,,,,24,20,14,73,49,59,,,,,32,48,,,,10,,,,,,,,,,,317
06/04/2026 19:10:00,130,,,,,,,,,,,,,,,,,,,,,,,,,,40,26,10,62,36,46,,,,,30,50,,,,12,,,,,,,,,,,320
06/04/2026 19:15:00,150,,,,,,,,,,,,,,,,,,,,,,,,,,34,24,14,88,38,37,,,,,38,63,,,,13,,,,,,,,,,,322
06/04/2026 19:20:00,139,,,,,,,,,,,,,,,,,,,,,,,,,,48,23,10,68,53,43,,,,,26,60,,,,19,,,,,,,,,,,329
06/04/2026 19:25:00,131,,,,,,,,,,,,,,,,,,,,,,,,,,29,22,19,83,35,50,,,,,33,40,,,,2,,,,,,,,,,,332
06/04/2026 19:30:00,116,,,,,,,,,,,,,,,,,,,,,,,,,,37,20,12,82,27,35,,,,,30,46,,,,5,,,,,,,,,,,331
06/04/2026 19:35:00,124,,,,,,,,,,,,,,,,,,,,,,,,,,27,21,12,76,33,51,,,,,31,32,,,,12,,,,,,,,,,,325
06/04/2026 19:40:00,132,,,,,,,,,,,,,,,,,,,,,,,,,,35,29,16,57,44,39,,,,,31,37,,,,8,,,,,,,,,,,322
06/04/2026 19:45:00,139,,,,,,,,,,,,,,,,,,,,,,,,,,25,18,28,54,21,32,,,,,28,44,,,,4,,,,,,,,,,,317
06/04/2026 19:50:00,135,,,,,,,,,,,,,,,,,,,,,,,,,,38,30,8,72,25,41,,,,,23,58,,,,5,,,,,,,,,,,311
06/04/2026 19:55:00,129,,,,,,,,,,,,,,,,,,,,,,,,,,19,22,20,66,35,33,,,,,31,60,,,,6,,,,,,,,,,,304
06/04/2026 20:00:00,112,,,,,,,,,,,,,,,,,,,,,,,,,,26,15,14,58,33,37,,,,,29,39,,,,9,,,,,,,,,,,304
06/04/2026 20:05:00,106,,,,,,,,,,,,,,,,,,,,,,,,,,20,17,6,48,20,41,,,,,21,57,,,,10,,,,,,,,,,,298
06/04/2026 20:10:00,112,,,,,,,,,,,,,,,,,,,,,,,,,,31,26,10,67,37,26,,,,,19,58,,,,9,,,,,,,,,,,304
06/04/2026 20:15:00,116,,,,,,,,,,,,,,,,,,,,,,,,,,19,16,13,77,34,46,,,,,26,36,,,,10,,,,,,,,,,,302
06/04/2026 20:20:00,121,,,,,,,,,,,,,,,,,,,,,,,,,,30,18,13,65,24,57,,,,,37,54,,,,5,,,,,,,,,,,304
06/04/2026 20:25:00,120,,,,,,,,,,,,,,,,,,,,,,,,,,26,14,15,70,44,40,,,,,23,40,,,,8,,,,,,,,,,,296
06/04/2026 20:30:00,110,,,,,,,,,,,,,,,,,,,,,,,,,,27,14,15,73,45,38,,,,,32,43,,,,11,,,,,,,,,,,296
06/04/2026 20:35:00,111,,,,,,,,,,,,,,,,,,,,,,,,,,27,25,12,64,39,49,,,,,26,46,,,,7,,,,,,,,,,,298
06/04/2026 20:40:00,125,,,,,,,,,,,,,,,,,,,,,,,,,,28,18,16,56,20,48,,,,,38,46,,,,8,,,,,,,,,,,298
06/04/2026 20:45:00,110,,,,,,,,,,,,,,,,,,,,,,,,,,15,22,6,72,31,43,,,,,40,56,,,,12,,,,,,,,,,,296
06/04/2026 20:50:00,104,,,,,,,,,,,,,,,,,,,,,,,,,,27,21,12,79,18,50,,,,,35,42,,,,8,,,,,,,,,,,296
06/04/2026 20:55:00,111,,,,,,,,,,,,,,,,,,,,,,,,,,20,25,26,79,20,51,,,,,33,52,,,,13,,,,,,,,,,,290
06/04/2026 21:00:00,126,,,,,,,,,,,,,,,,,,,,,,,,,,14,14,19,71,40,44,,,,,18,51,,,,6,,,,,,,,,,,292
06/04/2026 21:05:00,112,,,,,,,,,,,,,,,,,,,,,,,,,,22,16,6,75,22,34,,,,,44,55,,,,8,,,,,,,,,,,291
06/04/2026 21:10:00,116,,,,,,,,,,,,,,,,,,,,,,,,,,25,24,23,59,46,46,,,,,30,43,,,,13,,,,,,,,,,,294
06/04/2026 21:15:00,112,,,,,,,,,,,,,,,,,,,,,,,,,,24,25,18,70,21,52,,,,,25,54,,,,6,,,,,,,,,,,296
06/04/2026 21:20:00,106,,,,,,,,,,,,,,,,,,,,,,,,,,23,22,16,62,18,50,,,,,29,63,,,,10,,,,,,,,,,,294
06/04/2026 21:25:00,102,,,,,,,,,,,,,,,,,,,,,,,,,,18,24,14,64,39,46,,,,,27,60,,,,3,,,,,,,,,,,289
06/04/2026 21:30:00,112,,,,,,,,,,,,,,,,,,,,,,,,,,23,16,23,55,33,39,,,,,28,31,,,,6,,,,,,,,,,,288
06/04/2026 21:35:00,89,,,,,,,,,,,,,,,,,,,,,,,,,,24,21,18,53,26,24,,,,,44,40,,,,7,,,,,,,,,,,286
06/04/2026 21:40:00,98,,,,,,,,,,,,,,,,,,,,,,,,,,27,22,8,55,34,41,,,,,28,45,,,,12,,,,,,,,,,,286
06/04/2026 21:45:00,106,,,,,,,,,,,,,,,,,,,,,,,,,,13,17,14,44,35,39,,,,,21,51,,,,3,,,,,,,,,,,283
06/04/2026 21:50:00,97,,,,,,,,,,,,,,,,,,,,,,,,,,27,15,13,47,28,35,,,,,28,44,,,,4,,,,,,,,,,,279
06/04/2026 21:55:00,101,,,,,,,,,,,,,,,,,,,,,,,,,,29,18,18,36,28,44,,,,,20,49,,,,5,,,,,,,,,,,272
06/04/2026 22:00:00,101,,,,,,,,,,,,,,,,,,,,,,,,,,26,9,12,47,23,33,,,,,33,44,,,,11,,,,,,,,,,,264
06/04/2026 22:05:00,95,,,,,,,,,,,,,,,,,,,,,,,,,,16,13,20,43,31,27,,,,,41,39,,,,4,,,,,,,,,,,260
06/04/2026 22:10:00,102,,,,,,,,,,,,,,,,,,,,,,,,,,16,13,22,68,21,35,,,,,36,48,,,,9,,,,,,,,,,,262
06/04/2026 22:15:00,89,,,,,,,,,,,,,,,,,,,,,,,,,,28,13,14,58,22,38,,,,,22,41,,,,6,,,,,,,,,,,267
06/04/2026 22:20:00,86,,,,,,,,,,,,,,,,,,,,,,,,,,26,24,4,49,43,35,,,,,36,42,,,,11,,,,,,,,,,,258
06/04/2026 22:25:00,93,,,,,,,,,,,,,,,,,,,,,,,,,,22,19,14,53,30,30,,,,,52,36,,,,7,,,,,,,,,,,253
06/04/2026 22:30:00,101,,,,,,,,,,,,,,,,,,,,,,,,,,22,12,8,47,31,25,,,,,27,31,,,,5,,,,,,,,,,,250
06/04/2026 22:35:00,86,,,,,,,,,,,,,,,,,,,,,,,,,,17,12,14,34,32,37,,,,,26,33,,,,6,,,,,,,,,,,243
06/04/2026 22:40:00,86,,,,,,,,,,,,,,,,,,,,,,,,,,20,11,12,50,24,32,,,,,29,37,,,,6,,,,,,,,,,,239
06/04/2026 22:45:00,93,,,,,,,,,,,,,,,,,,,,,,,,,,18,17,4,52,10,32,,,,,18,34,,,,10,,,,,,,,,,,237
06/04/2026 22:50:00,86,,,,,,,,,,,,,,,,,,,,,,,,,,12,11,3,39,16,29,,,,,18,42,,,,3,,,,,,,,,,,226
06/04/2026 22:55:00,81,,,,,,,,,,,,,,,,,,,,,,,,,,16,12,6,41,33,35,,,,,27,34,,,,3,,,,,,,,,,,217
06/04/2026 23:00:00,87,,,,,,,,,,,,,,,,,,,,,,,,,,10,15,5,33,11,20,,,,,24,27,,,,7,,,,,,,,,,,209
06/04/2026 23:05:00,91,,,,,,,,,,,,,,,,,,,,,,,,,,15,13,6,35,13,16,,,,,19,22,,,,7,,,,,,,,,,,197
06/04/2026 23:10:00,110,,,,,,,,,,,,,,,,,,,,,,,,,,14,12,9,33,16,27,,,,,28,29,,,,3,,,,,,,,,,,193
06/04/2026 23:15:00,83,,,,,,,,,,,,,,,,,,,,,,,,,,8,5,4,32,16,21,,,,,30,20,,,,3,,,,,,,,,,,194
06/04/2026 23:20:00,76,,,,,,,,,,,,,,,,,,,,,,,,,,8,6,5,29,24,27,,,,,20,32,,,,3,,,,,,,,,,,188
06/04/2026 23:25:00,86,,,,,,,,,,,,,,,,,,,,,,,,,,17,7,2,37,11,18,,,,,19,22,,,,7,,,,,,,,,,,180
06/04/2026 23:30:00,76,,,,,,,,,,,,,,,,,,,,,,,,,,13,9,2,29,9,13,,,,,18,18,,,,4,,,,,,,,,,,174
06/04/2026 23:35:00,80,,,,,,,,,,,,,,,,,,,,,,,,,,15,7,6,18,11,9,,,,,26,22,,,,3,,,,,,,,,,,167
06/04/2026 23:40:00,72,,,,,,,,,,,,,,,,,,,,,,,,,,12,7,4,33,18,15,,,,,17,26,,,,4,,,,,,,,,,,164
06/04/2026 23:45:00,80,,,,,,,,,,,,,,,,,,,,,,,,,,12,9,7,19,7,16,,,,,8,30,,,,4,,,,,,,,,,,161
06/04/2026 23:50:00,76,,,,,,,,,,,,,,,,,,,,,,,,,,13,10,6,16,12,17,,,,,15,24,,,,1,,,,,,,,,,,154
06/04/2026 23:55:00,69,,,,,,,,,,,,,,,,,,,,,,,,,,12,4,1,30,12,14,,,,,23,18,,,,2,,,,,,,,,,,144
